regime,rep,n,memory,order,noise_sd,oracle_vwk_mse,empirical_vwk_mse,wiener_mse,monomial_ls_mse,huber_mse,wiener_oracle_ratio,wiener_empirical_ratio,empirical_oracle_ratio,oracle_coef_rmse
gaussian_control,0,1200,3,2,0.25,0.011950414196887714,0.012676710343832753,0.011950414196887714,0.0008479517906266907,0.0009085293001944092,1.0,0.9427062599644881,1.0607758137064565,0.03604559243328455
gaussian_control,1,1200,3,2,0.25,0.05541829848355976,0.016330006492418704,0.05541829848355976,0.0005612368405889805,0.0006534060392206309,1.0,3.3936482823376717,0.2946681319936793,0.09119121663102733
gaussian_control,2,1200,3,2,0.25,0.03232708620740611,0.020312206331609628,0.03232708620740611,0.000385888358282825,0.0003998733452065867,1.0,1.5915103302736278,0.6283339674132498,0.0527368604180062
gaussian_control,3,1200,3,2,0.25,0.015906912503174022,0.015992843681055077,0.015906912503174022,0.000635324558715642,0.0007261939448153255,1.0,0.9946268981555264,1.005402128028548,0.03842475850307826
gaussian_control,4,1200,3,2,0.25,0.017299137526639193,0.003777059626214792,0.017299137526639193,0.0005581703103252578,0.0005608507257998084,1.0,4.580054126382868,0.21833803103758456,0.04496659244250761
gaussian_control,5,1200,3,2,0.25,0.00850071552469876,0.011843142334238208,0.00850071552469876,0.0002949645133264585,0.00038653090025950843,1.0,0.7177753407660583,1.3931935846844954,0.030046250334458235
gaussian_control,6,1200,3,2,0.25,0.031016084461245968,0.018510414899620815,0.031016084461245968,0.00026368058535762513,0.0002631772973275493,1.0,1.675601796580007,0.5968005059680966,0.05358426336112259
gaussian_control,7,1200,3,2,0.25,0.013246442750694837,0.008190433049680323,0.013246442750694837,0.00085689176978627,0.0006679275498224631,1.0,1.6173067614797063,0.618311889752492,0.03431811832661594
gaussian_control,8,1200,3,2,0.25,0.011643911954583721,0.007149335879544508,0.011643911954583721,0.0004311429771883629,0.0003922117460718016,1.0,1.6286704318787113,0.6139977618716117,0.034648812777610324
gaussian_control,9,1200,3,2,0.25,0.027915423311931267,0.02274941848510331,0.027915423311931267,0.0002503136550555709,0.0003269291674485904,1.0,1.2270829397336351,0.8149408386502967,0.06020507912557277
gaussian_control,10,1200,3,2,0.25,0.011391378158640133,0.009486250430512835,0.011391378158640133,0.0010218933017069685,0.0010082892452219863,1.0,1.2008304273730106,0.8327570464612927,0.036028593327953745
gaussian_control,11,1200,3,2,0.25,0.010335580828565488,0.010332389367677428,0.010335580828565488,0.0004652043409601993,0.0003921604837817423,1.0,1.0003088792702726,0.9996912161066711,0.03463162143360126
gaussian_control,12,1200,3,2,0.25,0.016407546256114795,0.014913316932016652,0.016407546256114795,0.0005344131449151389,0.0006521730327827223,1.0,1.1001942982174715,0.9089303604101515,0.041444063841559624
gaussian_control,13,1200,3,2,0.25,0.021428014185820948,0.0259586716286097,0.021428014185820948,0.00015560989015613857,0.00021362866427647424,1.0,0.8254665143267422,1.2114361789897787,0.05377159163197302
gaussian_control,14,1200,3,2,0.25,0.06818989288683439,0.055581564192622016,0.06818989288683439,0.0006121405480821522,0.0006513669304544766,1.0,1.2268437183688692,0.8150997433719874,0.07633071242517239
gaussian_control,15,1200,3,2,0.25,0.067321019048703,0.06420056197294158,0.067321019048703,0.0006229804089598653,0.0006068619858719117,1.0,1.0486048249402644,0.9536481009964519,0.07173309096111957
gaussian_control,16,1200,3,2,0.25,0.015232715773843157,0.004935673819200299,0.015232715773843157,0.000387297594776329,0.00040898950578387914,1.0,3.086248470185826,0.324017981591673,0.03945275876139191
gaussian_control,17,1200,3,2,0.25,0.007215026047383232,0.005182802728090846,0.007215026047383232,0.0005673735602443741,0.0005608628884513385,1.0,1.3921089468209382,0.7183345831399404,0.02994911885641405
gaussian_control,18,1200,3,2,0.25,0.08079742699356746,0.04326607643796361,0.08079742699356746,0.0005419335139996539,0.0005215666094945196,1.0,1.8674544503571426,0.5354882952078185,0.08770873166771938
gaussian_control,19,1200,3,2,0.25,0.011917850709202624,0.007535571589068692,0.011917850709202624,0.0009333439602956676,0.000998505069373614,1.0,1.5815456821471894,0.6322928330734953,0.03230130427329381
gaussian_control,20,1200,3,2,0.25,0.015235611031827677,0.01615395468877561,0.015235611031827677,0.0009763251372809118,0.0010109661945964293,1.0,0.9431505365317117,1.0602761290656137,0.04005830820312129
gaussian_control,21,1200,3,2,0.25,0.08518530388556257,0.0711420553689422,0.08518530388556257,0.0002645920231512783,0.00036023794997617944,1.0,1.1973972841210754,0.8351447036511606,0.08604399073452434
gaussian_control,22,1200,3,2,0.25,0.042954660582976784,0.01848184234919456,0.042954660582976784,0.00027829086119304797,0.0003339880832168607,1.0,2.3241546903925814,0.43026395968122344,0.06414188925510945
gaussian_control,23,1200,3,2,0.25,0.01731029310579896,0.01804034916408149,0.01731029310579896,0.0002895733164613173,0.00032673326374789625,1.0,0.9595320438843791,1.0421746791819464,0.04037054000094117
gaussian_control,24,1200,3,2,0.25,0.042719722218981855,0.039875531802605786,0.042719722218981855,0.001120740822540226,0.001142668731230666,1.0,1.071326708078918,0.9334220760660215,0.06346558005283659
gaussian_control,25,1200,3,2,0.25,0.024439225719530226,0.02158876556948828,0.024439225719530226,0.00032076408178545067,0.0002912358937282766,1.0,1.1320344204427577,0.8833653658771994,0.049048327194530485
gaussian_control,26,1200,3,2,0.25,0.016762610684166363,0.003849396300948464,0.016762610684166363,0.0007274246247962784,0.0006831431848480345,1.0,4.354607677062551,0.22964181257186442,0.04080278490963162
gaussian_control,27,1200,3,2,0.25,0.029062643943541615,0.02101286315617627,0.029062643943541615,0.000867711774220944,0.0009134876926884486,1.0,1.3830882411185974,0.7230196673433014,0.0623813061193697
gaussian_control,28,1200,3,2,0.25,0.0234705496425349,0.01626040497203711,0.0234705496425349,0.0005619664833482799,0.0006697573467120055,1.0,1.4434172877549496,0.6928003485086227,0.048739643711041176
gaussian_control,29,1200,3,2,0.25,0.02668705055061964,0.017369862182375632,0.02668705055061964,0.0001926821894809345,0.0001941162471346618,1.0,1.536399671477976,0.6508723078793855,0.05194148516250186
gaussian_control,30,1200,3,2,0.25,0.006842454273092237,0.003833451241840686,0.006842454273092237,0.0004442714143348997,0.0004988679630897182,1.0,1.7849331689443206,0.5602450654168969,0.02418869043561731
gaussian_control,31,1200,3,2,0.25,0.01939110870964739,0.006856932443758764,0.01939110870964739,0.0004577490626571994,0.000496352002938706,1.0,2.827956796817699,0.3536121913620818,0.04129054605526586
gaussian_control,32,1200,3,2,0.25,0.03575398388076624,0.01550599656375403,0.03575398388076624,0.0007251689612077791,0.000873329438709827,1.0,2.3058165744949792,0.4336858408692028,0.059101962368813876
gaussian_control,33,1200,3,2,0.25,0.002944498794091872,0.003165705804595003,0.002944498794091872,0.0007219263795518486,0.000726021912599258,1.0,0.9301239520798015,1.0751255225327252,0.016703276953484565
gaussian_control,34,1200,3,2,0.25,0.019997965508571684,0.023075517632538546,0.019997965508571684,0.0008163332024389734,0.0009419935656519035,1.0,0.8666312854612961,1.1538932609243544,0.04066487469371999
gaussian_control,35,1200,3,2,0.25,0.02058155119834813,0.018853000875177026,0.02058155119834813,0.0006579817567745875,0.0005177256716270148,1.0,1.0916856862531108,0.9160145750671195,0.04583634846719032
gaussian_control,36,1200,3,2,0.25,0.01654274128535254,0.02559212056854906,0.01654274128535254,0.0007245028307742521,0.0006943300702303018,1.0,0.6463997870376721,1.5470302126533966,0.04041024237067703
gaussian_control,37,1200,3,2,0.25,0.005592265328974653,0.0026104314369429084,0.005592265328974653,0.00043667120640736545,0.0004335799230944439,1.0,2.142276272738957,0.4667932015703435,0.024019965409746005
gaussian_control,38,1200,3,2,0.25,0.03329465839728784,0.029871794916372294,0.03329465839728784,0.0006944341174557945,0.0007873660563004249,1.0,1.1145851292330453,0.8971948160551072,0.06747993641335698
gaussian_control,39,1200,3,2,0.25,0.0021070883935958664,0.0027192230055401046,0.0021070883935958664,0.0002020654574321954,0.00023767362357287033,1.0,0.7748862043690112,1.29051207049724,0.01461746394097821
centered_exponential_skew,0,1200,3,2,0.25,0.13849953777089602,0.03779050936217912,1.0261288039808754,0.0010328564299200572,0.0010003662779033463,7.40889695731897,27.153082117697753,0.2728565738947927,0.09454475780162003
centered_exponential_skew,1,1200,3,2,0.25,0.026408641724889787,0.029030492858069936,0.5659419853928648,0.0004025932016274321,0.00046951165947014346,21.43018150227212,19.494742585313823,1.0992800447858357,0.06086572238222616
centered_exponential_skew,2,1200,3,2,0.25,0.07096822212505932,0.08621000451643558,0.7920786022881059,0.00047392809493791797,0.00038536665364976804,11.16103205871939,9.187780545088586,1.2147691168663826,0.08727391077075938
centered_exponential_skew,3,1200,3,2,0.25,0.06604076318857355,0.06373788435589801,0.7534016699885071,0.000521577701189669,0.0005303987868251255,11.40813088178941,11.820311853805526,0.9651294333758702,0.08854721171719336
centered_exponential_skew,4,1200,3,2,0.25,0.1635071538392067,0.08235863827473036,1.2178306771762548,0.0004150806290494797,0.0003420880769722125,7.448179780401977,14.786920991989192,0.5037005191572353,0.10685280377784845
centered_exponential_skew,5,1200,3,2,0.25,0.08201474250835715,0.05981104419864937,0.8638239152424194,0.0009650059792467622,0.0009237915397354711,10.53254437949857,14.442548643247495,0.729271864659634,0.06979970118426057
centered_exponential_skew,6,1200,3,2,0.25,0.03177160438629212,0.021440692453121402,0.5991611895623881,0.0007977069824490051,0.0007135343852801352,18.85838632124277,27.945048457386008,0.6748382043423656,0.05700403886784593
centered_exponential_skew,7,1200,3,2,0.25,0.10235280925518439,0.024971647155412897,0.9750008918413973,0.0005977487366222642,0.0007113167931540322,9.525883060137026,39.04431637101898,0.2439761774701658,0.08360887918426135
centered_exponential_skew,8,1200,3,2,0.25,0.034749520727283156,0.0594685582101917,0.6349270232487751,0.0007058730492831875,0.0007189843124039076,18.271533245932513,10.676684324590898,1.7113490190815983,0.06250131132151283
centered_exponential_skew,9,1200,3,2,0.25,0.10243353337034998,0.09265186788151585,0.6854232893551215,0.00024063475118312873,0.00029369816417913275,6.691395549902231,7.397835629516372,0.9045071944021654,0.0932337262133403
centered_exponential_skew,10,1200,3,2,0.25,0.08874995578890131,0.10301126585759211,0.7370570718006226,0.0006279450913292682,0.0006028307474983528,8.304872551753945,7.155111294521581,1.1606908977240782,0.11674798202206649
centered_exponential_skew,11,1200,3,2,0.25,0.11229161899052187,0.1260052092553168,0.8529694536127845,0.0007280437363691017,0.0006200957316864116,7.596020622739268,6.769318972237597,1.122124788903012,0.08973926064580773
centered_exponential_skew,12,1200,3,2,0.25,0.1140339491030423,0.04859177084588293,1.11133473043355,0.000372897321410477,0.00034696077875817844,9.745648021268963,22.87084234814856,0.4261167067184079,0.08997980995244215
centered_exponential_skew,13,1200,3,2,0.25,0.1303953134821695,0.1250884456015733,0.7976549765888866,0.0007838122700082349,0.0008259918549125042,6.117205866435985,6.376727864454765,0.9593016977460477,0.11461289592692639
centered_exponential_skew,14,1200,3,2,0.25,0.154810904239506,0.12328966553279613,0.9928823626993124,0.0008840655966791074,0.0007670631223037505,6.413516977868928,8.053248894857266,0.7963887695020259,0.13197577700204038
centered_exponential_skew,15,1200,3,2,0.25,0.05710848758143395,0.031964667452419514,0.8451724134296006,0.0004645803039946526,0.0004581575788675349,14.799418601734558,26.440832356152875,0.5597183327056148,0.07079463494644596
centered_exponential_skew,16,1200,3,2,0.25,0.07110672307777138,0.07076198001666088,0.889974507967084,0.0006860249593084475,0.0007180907493578878,12.51603884197693,12.577015337297512,0.9951517515336286,0.08908833527381484
centered_exponential_skew,17,1200,3,2,0.25,0.01646001196963244,0.008030197148138192,0.7930892108417793,0.0002815585006625378,0.000407940124591688,48.1827845754288,98.76335489791278,0.4878609543512689,0.03717762204122368
centered_exponential_skew,18,1200,3,2,0.25,0.050879543096747096,0.043915745092391725,0.5061268466437102,0.0004242934391019286,0.0004342226745980517,9.94755093773766,11.524951827161306,0.8631316717779136,0.08412510570293749
centered_exponential_skew,19,1200,3,2,0.25,0.042356220778867595,0.027678917955992862,0.392715795729073,0.0002760526740856605,0.00032242188598031947,9.271738330465194,14.188264019332616,0.6534794050795593,0.0752841784873449
centered_exponential_skew,20,1200,3,2,0.25,0.05172723530395581,0.06196879274653731,0.6761780863495171,0.00039475366646220223,0.0004064580492366984,13.071993551872795,10.911590437386737,1.1979915876501193,0.07211907339688654
centered_exponential_skew,21,1200,3,2,0.25,0.07245234724048902,0.06731067253298621,0.5533313098268017,0.00048152765432177394,0.0004885452319958619,7.637175756226983,8.220558330562461,0.9290337041747427,0.09173386712366367
centered_exponential_skew,22,1200,3,2,0.25,0.06204729812744163,0.0668240646428119,0.9458506571909269,0.0004771431732699328,0.0005743046334254557,15.244026504557915,14.154341886365179,1.0769858907564205,0.0755081365326838
centered_exponential_skew,23,1200,3,2,0.25,0.19855564239895368,0.13627370122084853,0.7805223455460479,0.0007827738096123047,0.0007874937089957338,3.93100058057157,5.727608031142517,0.686324999755165,0.11207795986011357
centered_exponential_skew,24,1200,3,2,0.25,0.030081695431841825,0.021096141278438535,0.6503275861430586,0.00044668592887018834,0.00039830432260817974,21.618714530786697,30.8268501599262,0.7012949561382775,0.057161399134353585
centered_exponential_skew,25,1200,3,2,0.25,0.047637965386154786,0.028521649635773607,0.6087209463487087,0.00022103601070314204,0.00026491925723260665,12.778063492309093,21.34241722067904,0.5987167882712088,0.0815888093742076
centered_exponential_skew,26,1200,3,2,0.25,0.22847282513236084,0.1589546877691466,1.2409829571442712,0.0008704679215207422,0.0008754024718746897,5.43164359448584,7.807149160310253,0.6957268886444574,0.1174190254827625
centered_exponential_skew,27,1200,3,2,0.25,0.06555124962667357,0.05694560532990053,0.5922561863705595,0.0005917043279334689,0.000699460382205699,9.03500985478641,10.400384418419424,0.868718836852329,0.09461446384854248
centered_exponential_skew,28,1200,3,2,0.25,0.030659742340866606,0.02471165997749774,0.6148029658817298,0.0007824621605705746,0.000869414391105035,20.052450508113182,24.879063828231892,0.8059969879316102,0.060056227935793884
centered_exponential_skew,29,1200,3,2,0.25,0.03197841127010418,0.017226101902213263,0.5438638125338517,0.00044376903590572414,0.00041215842762230007,17.007218024064144,31.57207681814389,0.5386791031209708,0.06967827380235006
centered_exponential_skew,30,1200,3,2,0.25,0.16260624457406225,0.05510255153945344,1.1406316331308661,0.00046525195863665895,0.0004815450594340972,7.0146852977183345,20.700159997385487,0.3388710666296452,0.10534692415648603
centered_exponential_skew,31,1200,3,2,0.25,0.060935261433996926,0.023191214732195046,0.8879351374146812,0.0002447578672379856,0.0002939482631400825,14.571778581379574,38.28756482436478,0.3805877612803058,0.07064685686159858
centered_exponential_skew,32,1200,3,2,0.25,0.042981842321343236,0.04906886906846471,0.7557700991351495,0.0002960229028280153,0.00033920085696632365,17.58347381866089,15.402231872934347,1.1416185630577047,0.07496290196756492
centered_exponential_skew,33,1200,3,2,0.25,0.054856551154053815,0.035530463992945065,0.5406272597343358,0.00026807111010709915,0.0002888377199821103,9.855290723911729,15.215879529231108,0.6476977361038385,0.10020569313874812
centered_exponential_skew,34,1200,3,2,0.25,0.01323906571720478,0.010603415058820807,0.6192812608222932,0.0005667033047446906,0.0006025723882782983,46.77680993889988,58.403944143177085,0.8009186815230608,0.03874755531658356
centered_exponential_skew,35,1200,3,2,0.25,0.05682829489548309,0.032607548102661,0.4072365254086257,0.0002642697339431804,0.0002905495116107135,7.166087354153472,12.489026286996182,0.57379071750493,0.10112826758969642
centered_exponential_skew,36,1200,3,2,0.25,0.23328370231302883,0.2802984400493399,0.776986382442312,0.0004602682824799367,0.0005281478554297277,3.330650082875153,2.771996812774063,1.201534600446391,0.14001969979323028
centered_exponential_skew,37,1200,3,2,0.25,0.015196675629885857,0.012221486643892419,0.7245077036858713,0.0005541367251218279,0.0008253063759631589,47.675407525383434,59.28147080600359,0.804221063971227,0.03954290375983892
centered_exponential_skew,38,1200,3,2,0.25,0.026593817474872872,0.02883409972782268,0.6595205196954045,0.0001904979700506423,0.0002284222083423419,24.799768604810176,22.87293606947673,1.08424071704134,0.05597123216496609
centered_exponential_skew,39,1200,3,2,0.25,0.05918004758551725,0.08853241546462058,0.6839970502533123,0.0005128668242530851,0.0005525305908604728,11.557899632725244,7.7259503952724735,1.4959841885339502,0.07757624220952417
uniform_platykurtic,0,1200,3,2,0.25,0.012144401361760235,0.017163970790832515,0.01214440136176023,0.0005091266855247198,0.0004288184507521727,0.9999999999999996,0.7075519709137877,1.413323743142884,0.03339647595496278
uniform_platykurtic,1,1200,3,2,0.25,0.004508677387193639,0.0037606060166275454,0.004508677387193662,0.0004456836234440719,0.0004970018434286413,1.000000000000005,1.1989230903898238,0.8340818589746737,0.021481698069926322
uniform_platykurtic,2,1200,3,2,0.25,0.00874264901524928,0.006892334094583624,0.008742649015249357,0.00029299608850625854,0.00037775103095191834,1.0000000000000089,1.268459841800155,0.7883576342321118,0.028788934933938685
uniform_platykurtic,3,1200,3,2,0.25,0.005172205677275302,0.004111325471157389,0.0051722056772752914,0.0004097328315719337,0.0002855868659192537,0.999999999999998,1.2580384874805963,0.7948882406631632,0.023243985296021702
uniform_platykurtic,4,1200,3,2,0.25,0.005077058120355292,0.004201642461209006,0.005077058120355226,0.0007168940197953027,0.0008705379167194815,0.999999999999987,1.2083508216675636,0.8275742293284946,0.022036947067314717
uniform_platykurtic,5,1200,3,2,0.25,0.01918909549521237,0.01909058484224743,0.019189095495212364,0.0004959142503323208,0.0004998408049194667,0.9999999999999997,1.0051601694646322,0.9948663211880143,0.045333954771598496
uniform_platykurtic,6,1200,3,2,0.25,0.01195400054902028,0.010578700660366263,0.01195400054902032,0.0005487962294278969,0.0005733425708873957,1.0000000000000033,1.130006503899548,0.8849506587343487,0.03658599495538678
uniform_platykurtic,7,1200,3,2,0.25,0.003258748869396383,0.004005490607750123,0.0032587488693962964,0.0005479641062609605,0.0005117746560419611,0.9999999999999734,0.8135704682694861,1.2291498265995744,0.018096116621629157
uniform_platykurtic,8,1200,3,2,0.25,0.01638406812072687,0.00646811690630535,0.016384068120726836,0.0006279116531936708,0.0006771945380840904,0.9999999999999979,2.5330507098217514,0.3947808846157553,0.04197258431403184
uniform_platykurtic,9,1200,3,2,0.25,0.00701412479503813,0.008530001873167374,0.007014124795038173,0.00019525498985019,0.00023630483487878113,1.0000000000000062,0.8222887754693631,1.2161177798264429,0.025746381640939977
uniform_platykurtic,10,1200,3,2,0.25,0.005347742340958246,0.005244000537792792,0.005347742340958271,0.0005378423768389031,0.000674296421834657,1.0000000000000047,1.0197829505198992,0.9806008224497097,0.02384352301745652
uniform_platykurtic,11,1200,3,2,0.25,0.01540058772193829,0.021165167998479423,0.015400587721938261,0.000528006517364933,0.0005995173830307387,0.9999999999999981,0.7276383406474587,1.3743091095367375,0.038853753418186164
uniform_platykurtic,12,1200,3,2,0.25,0.010054481381384177,0.007625212475486609,0.010054481381384218,0.0004544893763772098,0.00040582147686411347,1.0000000000000042,1.3185837658566468,0.7583894371324466,0.0325792667614342
uniform_platykurtic,13,1200,3,2,0.25,0.015255218566758069,0.013619189933129881,0.015255218566758,0.0003376324774328111,0.00037507549042300114,0.9999999999999956,1.1201267213146309,0.8927561328296416,0.0412068487904484
uniform_platykurtic,14,1200,3,2,0.25,0.009022958808407115,0.004574949901939851,0.009022958808407231,0.000635299133593198,0.000612297123666305,1.0000000000000129,1.9722530304826627,0.507034333092284,0.03259161521850431
uniform_platykurtic,15,1200,3,2,0.25,0.00345412695458965,0.0022916051893317173,0.0034541269545896947,0.00023755213768812542,0.00022313378912193447,1.0000000000000129,1.5072958337980524,0.6634397691395683,0.018476722217463947
uniform_platykurtic,16,1200,3,2,0.25,0.012533527635946954,0.012561535450157337,0.012533527635946935,0.000582313798964455,0.0005574035595722274,0.9999999999999984,0.9977703510592687,1.0022346313842285,0.037312205049526335
uniform_platykurtic,17,1200,3,2,0.25,0.014217016939311761,0.008097830653778289,0.014217016939311704,0.00041574644744111653,0.0004379421068148587,0.999999999999996,1.7556574775589215,0.5695871847340079,0.036065325643407344
uniform_platykurtic,18,1200,3,2,0.25,0.012165581497579387,0.004708225331554615,0.012165581497579316,9.868891254042663e-05,0.00010673043013208229,0.9999999999999941,2.5838995886720544,0.38701194287272017,0.03696568772120696
uniform_platykurtic,19,1200,3,2,0.25,0.015078221700845865,0.012363600306581258,0.015078221700845823,0.0007412531454359709,0.0007824330385443405,0.9999999999999972,1.2195656060491982,0.8199640880653505,0.03797000497133728
uniform_platykurtic,20,1200,3,2,0.25,0.02622856135224577,0.016539743239530585,0.026228561352245973,0.0010684596437332595,0.0009607967385577639,1.0000000000000078,1.5857901161100711,0.6306004747040539,0.050065467394149826
uniform_platykurtic,21,1200,3,2,0.25,0.028786911275782066,0.008029407932183728,0.028786911275781975,0.00024022951057889037,0.0003206527296647839,0.9999999999999969,3.5851848005377036,0.2789256497600954,0.05086934390557316
uniform_platykurtic,22,1200,3,2,0.25,0.01400711800636786,0.005309593663513557,0.014007118006367792,0.000704082343219629,0.0007282203748030934,0.9999999999999951,2.6380772040282188,0.3790639631292983,0.03525241223959912
uniform_platykurtic,23,1200,3,2,0.25,0.006565988088463517,0.0071459045467997875,0.006565988088463433,0.0004148102656494628,0.0003999163792306679,0.9999999999999872,0.9188463189595691,1.0883212778523292,0.025827612167238886
uniform_platykurtic,24,1200,3,2,0.25,0.003543597676059524,0.004810574880650704,0.0035435976760595476,0.00036486649374733196,0.0004695070229798786,1.0000000000000067,0.7366266535654096,1.3575398000599372,0.01856304312941645
uniform_platykurtic,25,1200,3,2,0.25,0.014790377846280007,0.006713171199508834,0.014790377846280034,0.0004074278794309842,0.0005585837184413844,1.0000000000000018,2.2031879430338623,0.4538877416980455,0.03891791665758466
uniform_platykurtic,26,1200,3,2,0.25,0.010586028264126367,0.00815965936931266,0.01058602826412632,0.0006151361251050976,0.0007393340805843643,0.9999999999999956,1.297361542313751,0.7707951618610241,0.03423866755598211
uniform_platykurtic,27,1200,3,2,0.25,0.011119933937878326,0.006098796448161093,0.011119933937878437,0.0002880664240221434,0.00030759990003971033,1.00000000000001,1.8232997333812173,0.5484561762895453,0.03560065029869447
uniform_platykurtic,28,1200,3,2,0.25,0.007835189925514218,0.007025078767950078,0.007835189925514196,0.0006064124666315646,0.0006299141785122453,0.9999999999999971,1.1153170212496433,0.896606059934026,0.029723680896701903
uniform_platykurtic,29,1200,3,2,0.25,0.019309631346146522,0.015445204951766413,0.019309631346146532,0.0006828462228686067,0.0007065431904069409,1.0000000000000004,1.2502023382951717,0.7998705244493803,0.046595057186481416
uniform_platykurtic,30,1200,3,2,0.25,0.007279766275940707,0.004385236092518109,0.007279766275940726,0.000595823486089249,0.0005560293207055648,1.0000000000000027,1.6600625650147167,0.6023869347304615,0.02758136949518338
uniform_platykurtic,31,1200,3,2,0.25,0.013761272162900155,0.011898160207999118,0.013761272162900125,0.0003730139652892624,0.0004232653415712885,0.9999999999999979,1.1565882390496338,0.8646119390092499,0.04060553111324318
uniform_platykurtic,32,1200,3,2,0.25,0.0145170313437892,0.013792036505434398,0.014517031343789117,0.0005225944784538532,0.0006266574239073058,0.9999999999999942,1.052566191952077,0.9500590154291445,0.03773139567558345
uniform_platykurtic,33,1200,3,2,0.25,0.0030256480090491817,0.0023648520172283543,0.0030256480090491734,0.0007845065640674746,0.0008864427658220571,0.9999999999999972,1.2794238231427617,0.7816018288166692,0.01736876975347223
uniform_platykurtic,34,1200,3,2,0.25,0.017001588193689156,0.01125581723764045,0.017001588193689073,0.0004236548186210381,0.000490856964092317,0.9999999999999951,1.5104712376489426,0.6620450459927334,0.038944958530365344
uniform_platykurtic,35,1200,3,2,0.25,0.005701010685174193,0.008291408362835016,0.005701010685174185,0.00048135309689572653,0.0005410266171584135,0.9999999999999987,0.6875804972684862,1.4543751662134754,0.02432190111596997
uniform_platykurtic,36,1200,3,2,0.25,0.008255802888315827,0.011361788644915674,0.008255802888315816,0.00037118262359847804,0.0004090447833871201,0.9999999999999988,0.72662880346839,1.3762184972942668,0.027892418097843527
uniform_platykurtic,37,1200,3,2,0.25,0.020129767345044475,0.019302388806624268,0.020129767345044503,0.0005527300626326145,0.0005669857437108632,1.0000000000000013,1.0428640489376264,0.9588977595101768,0.04447763073885572
uniform_platykurtic,38,1200,3,2,0.25,0.011146136069911551,0.012748480314958304,0.011146136069911555,0.00047052724105790193,0.0007142370105197316,1.0000000000000002,0.874310960564715,1.143757821992879,0.032255752074154105
uniform_platykurtic,39,1200,3,2,0.25,0.005215293896929309,0.005572934645453598,0.005215293896929269,0.0010730534959060647,0.0011407644207808774,0.9999999999999923,0.9358254185133693,1.068575377647435,0.023047302778872947
symmetric_contaminated,0,1200,3,2,0.25,0.04140404735508015,0.016468816851808208,0.04140404735508012,0.0008271529435492071,0.0008676923275167802,0.9999999999999991,2.514087546643287,0.3977586227397533,0.07723059798117549
symmetric_contaminated,1,1200,3,2,0.25,0.04370866851347784,0.04520612254910812,0.04370866851347781,0.0006666813953672497,0.0006517787312364852,0.9999999999999992,0.9668749728755524,1.0342598868041137,0.08257912533051616
symmetric_contaminated,2,1200,3,2,0.25,0.03555328324704052,0.034857688896312945,0.03555328324704049,0.0005072983537297893,0.00041498431701559056,0.9999999999999992,1.0199552630352702,0.9804351585226527,0.0692016561281544
symmetric_contaminated,3,1200,3,2,0.25,0.0321621927015191,0.023157208867678324,0.03216219270151922,0.00033704103387453545,0.000422467672753391,1.0000000000000038,1.3888630916314617,0.7200133735466535,0.06672160105636364
symmetric_contaminated,4,1200,3,2,0.25,0.030685485807058512,0.034791906165341786,0.03068548580705836,0.0005471869849082553,0.0004672893349808973,0.999999999999995,0.881971963859397,1.1338228889092146,0.05131320007507543
symmetric_contaminated,5,1200,3,2,0.25,0.05289686854890262,0.07001765825716272,0.052896868548902895,0.0011230328213873827,0.0012310005853119186,1.0000000000000053,0.755478972955963,1.3236635774087857,0.06530599078882865
symmetric_contaminated,6,1200,3,2,0.25,0.03847185858892563,0.04355508891993541,0.0384718585889257,0.0005927899593850635,0.0005301661186293773,1.0000000000000018,0.8832919308153888,1.1321285354400066,0.06510952662292054
symmetric_contaminated,7,1200,3,2,0.25,0.4014857902540932,0.13917455785028504,0.4014857902540928,0.00029200498583257687,0.00019295852027487908,0.999999999999999,2.88476425903925,0.346648776192562,0.17434036527015978
symmetric_contaminated,8,1200,3,2,0.25,0.03259062888001313,0.010988237705605055,0.032590628880013385,0.000773364906142995,0.000742545659693693,1.0000000000000078,2.9659559388116477,0.33715942536916854,0.06229509138207696
symmetric_contaminated,9,1200,3,2,0.25,0.04750227378686747,0.021418171292212178,0.047502273786867395,0.0004236259657711994,0.0004458227035726192,0.9999999999999984,2.2178491869723542,0.45088728569733155,0.0727663843114187
symmetric_contaminated,10,1200,3,2,0.25,0.25789630409193476,0.05513387662928136,0.25789630409193715,0.0008564470036193371,0.0007877705980342006,1.0000000000000093,4.677637776607378,0.21378312040341324,0.12419459713089027
symmetric_contaminated,11,1200,3,2,0.25,0.09538088645480006,0.07926454788507138,0.09538088645480002,0.0005247462898070694,0.00031686378976602023,0.9999999999999996,1.2033234150669265,0.8310317803833158,0.09657652956721206
symmetric_contaminated,12,1200,3,2,0.25,0.15637072254699072,0.035869496159130265,0.15637072254699078,0.00034379911219127335,0.0003339186574256957,1.0000000000000004,4.359434597388065,0.2293875450268587,0.14346244383202944
symmetric_contaminated,13,1200,3,2,0.25,0.016532495094913283,0.012075814670106048,0.016532495094913287,0.0006744006514758194,0.0006938085085718463,1.0000000000000002,1.3690583655477797,0.7304290490200438,0.03951835038943364
symmetric_contaminated,14,1200,3,2,0.25,0.0938053234053279,0.0606703684895027,0.0938053234053278,0.0008351246466119203,0.000855910848702833,0.9999999999999988,1.546147250144989,0.6467689283192298,0.1335120559998881
symmetric_contaminated,15,1200,3,2,0.25,0.05292744012390415,0.03590731423555128,0.052927440123904046,0.0005993097556159877,0.0005537461852572399,0.999999999999998,1.4740016414678376,0.6784252960561019,0.10088420973011067
symmetric_contaminated,16,1200,3,2,0.25,0.01689307074680575,0.009410920486041835,0.016893070746805912,0.0005552346053826373,0.000556303469328637,1.0000000000000095,1.7950497798660092,0.5570876146257372,0.04461692893706025
symmetric_contaminated,17,1200,3,2,0.25,0.11681857597815207,0.13144257676809165,0.11681857597815251,0.0003422038143212072,0.00039679309976270753,1.0000000000000038,0.8887422846575753,1.1251855765873626,0.10352862809996558
symmetric_contaminated,18,1200,3,2,0.25,0.045698596137818626,0.03297935127088584,0.045698596137818605,0.0005919354626778303,0.0006951204837580082,0.9999999999999996,1.385672985573895,0.7216709933807623,0.06888620784612419
symmetric_contaminated,19,1200,3,2,0.25,0.07537861667637416,0.01783947903524603,0.07537861667637397,0.0004366340932932327,0.0004546685604949521,0.9999999999999974,4.225382172172518,0.23666498301284744,0.091548643812632
symmetric_contaminated,20,1200,3,2,0.25,0.22949840385859074,0.13367898166997447,0.22949840385859183,0.0003469154884251975,0.0003997514295986105,1.0000000000000047,1.7167874933785443,0.5824832740551128,0.1328388541492216
symmetric_contaminated,21,1200,3,2,0.25,0.03669874107857331,0.039343035435927355,0.036698741078573495,0.0003762114838460587,0.0003549214699158075,1.000000000000005,0.932788755924533,1.0720540890406165,0.060776058931389626
symmetric_contaminated,22,1200,3,2,0.25,0.20372524623600852,0.20123213086775757,0.20372524623600927,0.00061882898226429,0.0007725025048404349,1.0000000000000038,1.0123892509486474,0.9877623641923948,0.11890488155300108
symmetric_contaminated,23,1200,3,2,0.25,0.5075717719117309,0.27344475298350235,0.5075717719117308,0.00014582162401791912,0.00015957387975913356,0.9999999999999998,1.8562132437127215,0.5387312063348071,0.16333537582979699
symmetric_contaminated,24,1200,3,2,0.25,0.019064495872533796,0.01694974688639372,0.019064495872533838,0.0004141402832769181,0.0004787444844869384,1.0000000000000022,1.1247658151071103,0.8890739623916941,0.04974879606360194
symmetric_contaminated,25,1200,3,2,0.25,0.10977025936603893,0.08091067376034299,0.10977025936603926,0.001070816176062516,0.001110534848109552,1.000000000000003,1.3566845295489471,0.7370910320120405,0.102971950738703
symmetric_contaminated,26,1200,3,2,0.25,0.04304170646559372,0.05231780444376111,0.043041706465593715,0.0004438946419267418,0.00046738457750419854,0.9999999999999999,0.8226971090092531,1.215514177756461,0.07222084351422733
symmetric_contaminated,27,1200,3,2,0.25,0.02423921246399014,0.014004969916973706,0.024239212463990308,0.000559665925123834,0.0006690299506054802,1.0000000000000069,1.7307579100625508,0.5777815569618666,0.05140799770871052
symmetric_contaminated,28,1200,3,2,0.25,0.010098161123765504,0.014260016175608197,0.010098161123765504,0.00045755528152239763,0.00044701185211948807,1.0,0.7081451380846567,1.4121398936731144,0.031130382603569106
symmetric_contaminated,29,1200,3,2,0.25,0.5521944873328879,0.4506332959325647,0.5521944873328889,0.00029575797457425675,0.0003096878305630388,1.0000000000000018,1.2253743616306647,0.8160771363530518,0.18844463295273786
symmetric_contaminated,30,1200,3,2,0.25,0.054958772955733384,0.04383115793411323,0.0549587729557333,0.00036103594839684446,0.00035402399581360483,0.9999999999999984,1.2538745391656558,0.7975279573548174,0.08063148738453167
symmetric_contaminated,31,1200,3,2,0.25,0.09969129725603564,0.06437035562854984,0.09969129725603573,0.00040126620451610815,0.0005243752378625618,1.0000000000000009,1.548714408714874,0.6456968401487287,0.1108719904763873
symmetric_contaminated,32,1200,3,2,0.25,0.00642940285148788,0.0049428930448190385,0.00642940285148788,0.0007610066775385256,0.0008555774957364247,1.0,1.3007367938553611,0.7687950434891732,0.026962424350363296
symmetric_contaminated,33,1200,3,2,0.25,0.10878183498072411,0.09358785813286719,0.10878183498072408,0.00026719648409832087,0.00027540771495597813,0.9999999999999998,1.1623498726329,0.8603261578502582,0.09386449344120014
symmetric_contaminated,34,1200,3,2,0.25,0.02477176975579037,0.0076199784510726605,0.024771769755790367,0.00038922394221715614,0.00047828881083711034,0.9999999999999999,3.2508976127489255,0.3076073500679741,0.05746826144259029
symmetric_contaminated,35,1200,3,2,0.25,0.09201494418327356,0.11193520463770243,0.09201494418327416,0.0009586279120353631,0.0009095122149415017,1.0000000000000064,0.8220375750515343,1.2164894043162389,0.09014733208008092
symmetric_contaminated,36,1200,3,2,0.25,0.3595090443931579,0.278440293074655,0.35950904439315884,0.0004256438891414849,0.0004380066522319691,1.0000000000000027,1.2911530885968712,0.7745014970197902,0.14021336386502067
symmetric_contaminated,37,1200,3,2,0.25,0.16324010440635814,0.036185242790816044,0.16324010440635814,0.0005605876276806032,0.0007381391697441683,1.0,4.511234188755785,0.22166882900747914,0.14012978307646223
symmetric_contaminated,38,1200,3,2,0.25,0.1484575502884896,0.017530478100263116,0.14845755028848984,0.00043274569467145274,0.0004911672213480865,1.0000000000000018,8.468539730599911,0.11808411270559886,0.1119201544052645
symmetric_contaminated,39,1200,3,2,0.25,0.2352774405697667,0.071771259010424,0.23527744056976652,0.0002512762165040997,0.00023881104894152413,0.9999999999999992,3.2781567972159302,0.3050494719621948,0.1524431393468896
