regime,rep,n,noise_sd,vwk_mse,wiener_mse,huber_mse,mse_ratio,vwk_beta0,vwk_beta1,vwk_beta2,wiener_beta0,wiener_beta1,wiener_beta2,vwk_beta0_se,vwk_beta1_se,vwk_beta2_se,vwk_beta0_cover95,vwk_beta1_cover95,vwk_beta2_cover95
gaussian_control,0,800,0.25,0.0033238720097024115,0.0033238720097024115,2.5930426740089548e-05,1.0,0.14929320111669592,0.8087083017560455,0.6257993568327456,0.14929320111669592,0.8087083017560455,0.6257993568327456,0.035602185615538594,0.04704410118863798,0.06390042916799658,True,True,True
gaussian_control,1,800,0.25,0.002129922398315393,0.002129922398315393,0.0001974953236541201,1.0,0.23073837545317344,0.8290876104102655,0.6153910349318131,0.23073837545317344,0.8290876104102655,0.6153910349318131,0.036281771466334364,0.04863856515843163,0.06600792643676058,True,True,True
gaussian_control,2,800,0.25,0.0027503786511896737,0.0027503786511896737,7.1084671389042e-05,1.0,0.19258996076844453,0.765401577675347,0.5576699603328997,0.19258996076844453,0.765401577675347,0.5576699603328997,0.035242406433028534,0.04969105662101479,0.063010086043652,True,True,True
gaussian_control,3,800,0.25,0.028210147751183662,0.028210147751183662,6.337094822541923e-05,1.0,0.24399317398767228,0.8882676855605031,0.7126385687598882,0.24399317398767228,0.8882676855605031,0.7126385687598882,0.04028284073186191,0.05188666918706712,0.05716039659095448,True,True,False
gaussian_control,4,800,0.25,0.0057451485968617955,0.0057451485968617955,6.502870604144654e-05,1.0,0.1884778784209995,0.744659241046734,0.5494502997765441,0.1884778784209995,0.744659241046734,0.5494502997765441,0.03629855939128546,0.05478479193644077,0.06149848948575861,True,True,True
gaussian_control,5,800,0.25,0.007186550754093027,0.007186550754093027,0.00016665534816527342,1.0,0.13065381229990675,0.7626347762003092,0.5526654428597383,0.13065381229990675,0.7626347762003092,0.5526654428597383,0.034001527749295365,0.05484680386444057,0.06688724612354485,False,True,True
gaussian_control,6,800,0.25,0.0244576476287779,0.0244576476287779,7.277452215424083e-05,1.0,0.20038882653966872,0.9036326474334675,0.7170407872642837,0.20038882653966872,0.9036326474334675,0.7170407872642837,0.037049641952302745,0.04647940673444596,0.060874918928467955,True,False,True
gaussian_control,7,800,0.25,0.0006045337938180643,0.0006045337938180643,0.00032813454601366885,1.0,0.18030101921214872,0.808535702165127,0.5856284264444886,0.18030101921214872,0.808535702165127,0.5856284264444886,0.03471482163719549,0.04656603556334584,0.06425168653657345,True,True,True
gaussian_control,8,800,0.25,0.005471769137877964,0.005471769137877964,5.811560066213205e-05,1.0,0.16831035269686712,0.8370453042908595,0.6599570200073044,0.16831035269686712,0.8370453042908595,0.6599570200073044,0.03561030158264301,0.04275351194039009,0.06282687689129257,True,True,True
gaussian_control,9,800,0.25,0.05018614565844761,0.05018614565844761,6.614854855048114e-05,1.0,0.2271563319092949,0.9253995907583433,0.7680372753936366,0.2271563319092949,0.9253995907583433,0.7680372753936366,0.03865606697949424,0.04868405815054108,0.05453919013308737,True,False,False
gaussian_control,10,800,0.25,0.001858632246856234,0.001858632246856234,0.00010182702050784184,1.0,0.19407530698322226,0.8356807634043053,0.6237259599337445,0.19407530698322226,0.8356807634043053,0.6237259599337445,0.036284631841424685,0.05310703640412701,0.06410749295959041,True,True,True
gaussian_control,11,800,0.25,0.036678937285338054,0.036678937285338054,0.0001013466329040291,1.0,0.23792659519291995,0.9198101622890089,0.7276198938977756,0.23792659519291995,0.9198101622890089,0.7276198938977756,0.038975552341127005,0.053048904213624466,0.059112494119124975,True,False,False
gaussian_control,12,800,0.25,0.00047944764656187607,0.00047944764656187607,0.0008548222784267895,1.0,0.19694778153462963,0.8020223141282828,0.5799755167200547,0.19694778153462963,0.8020223141282828,0.5799755167200547,0.03716969283235603,0.05924366556411052,0.06646673591022227,True,True,True
gaussian_control,13,800,0.25,0.0005734092048679627,0.0005734092048679627,9.181788176038017e-05,1.0,0.1819649421984615,0.7909545070212433,0.5858216931496215,0.1819649421984615,0.7909545070212433,0.5858216931496215,0.03535480172521112,0.04510466786045561,0.06193788469530962,True,True,True
gaussian_control,14,800,0.25,0.002609720685901738,0.002609720685901738,0.0002723874677733605,1.0,0.17064601877651733,0.8296844536264074,0.6322583580584886,0.17064601877651733,0.8296844536264074,0.6322583580584886,0.03461844286767915,0.047468175415113695,0.0658745435223078,True,True,True
gaussian_control,15,800,0.25,0.0008297160758278661,0.0008297160758278661,0.0006464216394449763,1.0,0.21561529586422057,0.8169309403679924,0.6158987380046206,0.21561529586422057,0.8169309403679924,0.6158987380046206,0.03693320682056596,0.05238206380526533,0.06330375781693723,True,True,True
gaussian_control,16,800,0.25,0.0003418094151642727,0.0003418094151642727,0.0005027942678223201,1.0,0.21136758197379416,0.7897422882720578,0.5906795298805757,0.21136758197379416,0.7897422882720578,0.5906795298805757,0.03740319701046216,0.06469324511717243,0.06484602619089162,True,True,True
gaussian_control,17,800,0.25,0.000728275424975853,0.000728275424975853,0.0003118591198895808,1.0,0.20085875010576332,0.7778306361606571,0.583486579711485,0.20085875010576332,0.7778306361606571,0.583486579711485,0.035276402662293836,0.047490799351554,0.058758253333493986,True,True,True
gaussian_control,18,800,0.25,0.000862066675606902,0.000862066675606902,7.076844912368846e-05,1.0,0.22435413294761383,0.795921184281769,0.5835216975098422,0.22435413294761383,0.795921184281769,0.5835216975098422,0.035657735406492766,0.048957732679016354,0.06066623590870472,True,True,True
gaussian_control,19,800,0.25,0.0016523545291781865,0.0016523545291781865,2.2749240290596647e-05,1.0,0.23104860026891041,0.8147941314160795,0.6198381777758123,0.23104860026891041,0.8147941314160795,0.6198381777758123,0.03737701602514906,0.051171569541585145,0.06253241999169239,True,True,True
gaussian_control,20,800,0.25,0.00046105243172270727,0.00046105243172270727,4.197582583493068e-06,1.0,0.1865921939699252,0.8126249496246839,0.6114244290777416,0.1865921939699252,0.8126249496246839,0.6114244290777416,0.035534211272430526,0.05237446167007184,0.06903167501516981,True,True,True
gaussian_control,21,800,0.25,0.006204634654173955,0.006204634654173955,0.0002067311999698235,1.0,0.21707063061471593,0.8507281303848426,0.654046053171507,0.21707063061471593,0.8507281303848426,0.654046053171507,0.03763436743823096,0.04992291945300331,0.0628281173150858,True,True,True
gaussian_control,22,800,0.25,0.002541127962687247,0.002541127962687247,0.00010126612107841132,1.0,0.2097691281764808,0.7703323459429054,0.558227829217574,0.2097691281764808,0.7703323459429054,0.558227829217574,0.03511559799502037,0.062473084490149086,0.07329094901459487,True,True,True
gaussian_control,23,800,0.25,0.007309251339492771,0.007309251339492771,5.457610139778459e-05,1.0,0.22364596599621034,0.8529576935932085,0.6582740279308312,0.22364596599621034,0.8529576935932085,0.6582740279308312,0.03762878067923615,0.05347408418358333,0.06478173421672855,True,True,True
gaussian_control,24,800,0.25,0.005621652189284225,0.005621652189284225,0.00017573659790805424,1.0,0.1563001220860575,0.8416015239472484,0.6435930217480003,0.1563001220860575,0.8416015239472484,0.6435930217480003,0.036221676559653575,0.049308593441542835,0.06400046583611618,True,True,True
gaussian_control,25,800,0.25,0.005680741757297481,0.005680741757297481,2.1292359314082736e-06,1.0,0.18589669552843907,0.7574893803759258,0.5319772245466708,0.18589669552843907,0.7574893803759258,0.5319772245466708,0.03417610432736246,0.050560728038897246,0.06834573138562174,True,True,True
gaussian_control,26,800,0.25,0.0010288406530376763,0.0010288406530376763,1.3193814076638325e-05,1.0,0.22687550536774218,0.8091968080667622,0.6136917161204918,0.22687550536774218,0.8091968080667622,0.6136917161204918,0.037038018707331956,0.04795860553080929,0.05873458131465922,True,True,True
gaussian_control,27,800,0.25,0.004758122678554873,0.004758122678554873,4.611778536587995e-05,1.0,0.26600850975955465,0.7867328014102616,0.580865397403602,0.26600850975955465,0.7867328014102616,0.580865397403602,0.03655759286668924,0.054788844315741735,0.061504849648855414,True,True,True
gaussian_control,28,800,0.25,0.0061319796668107725,0.0061319796668107725,0.0001085489007918686,1.0,0.2519002355610976,0.8368025832068545,0.6405581978631282,0.2519002355610976,0.8368025832068545,0.6405581978631282,0.03749013093534045,0.04950441907891499,0.06127777705633578,True,True,True
gaussian_control,29,800,0.25,0.01919501075979858,0.01919501075979858,0.0003504460575018915,1.0,0.23900986603487018,0.871921396863839,0.6965654968066664,0.23900986603487018,0.871921396863839,0.6965654968066664,0.03915191931703231,0.050102073081163705,0.059799701661679576,True,True,True
gaussian_control,30,800,0.25,0.004134316244366229,0.004134316244366229,7.88652343979222e-05,1.0,0.23919195043019395,0.8376636963616685,0.6292909093062734,0.23919195043019395,0.8376636963616685,0.6292909093062734,0.037769009905973074,0.05802105619562184,0.06493957880854896,True,True,True
gaussian_control,31,800,0.25,0.007113199679426441,0.007113199679426441,7.387877173138653e-05,1.0,0.14047306663658346,0.7685839610167287,0.5342071853797714,0.14047306663658346,0.7685839610167287,0.5342071853797714,0.033120642890322634,0.04652124775630963,0.061741970816476394,True,True,True
gaussian_control,32,800,0.25,0.024350101486033483,0.024350101486033483,0.0003180978721070932,1.0,0.21785118685183275,0.8879172653210691,0.7202372103784949,0.21785118685183275,0.8879172653210691,0.7202372103784949,0.03794914314512053,0.055751121837209795,0.06288763977212396,True,True,True
gaussian_control,33,800,0.25,0.007674784071584466,0.007674784071584466,0.0004538327434589738,1.0,0.16287274848008898,0.834294571527336,0.6667956918564205,0.16287274848008898,0.834294571527336,0.6667956918564205,0.03911404448623872,0.049607935849885244,0.0588446494140768,True,True,True
gaussian_control,34,800,0.25,0.0037697670348998675,0.0037697670348998675,0.00011117466411862746,1.0,0.2227924992158406,0.7615845599823523,0.5586651446969269,0.2227924992158406,0.7615845599823523,0.5586651446969269,0.0370302728609441,0.05213664952999963,0.05880064052702654,True,True,True
gaussian_control,35,800,0.25,0.0022199699874924433,0.0022199699874924433,0.00037919168909239975,1.0,0.16061555927548615,0.8193022394495291,0.5706260114267248,0.16061555927548615,0.8193022394495291,0.5706260114267248,0.03316991009631936,0.04051971850360371,0.0643591414062823,True,True,True
gaussian_control,36,800,0.25,0.0009217217502032361,0.0009217217502032361,0.0003935063381771957,1.0,0.17033341540997418,0.7949225898580686,0.5952121125047856,0.17033341540997418,0.7949225898580686,0.5952121125047856,0.03636387785138808,0.05918224360757009,0.06769203736981323,True,True,True
gaussian_control,37,800,0.25,0.004949093591367761,0.004949093591367761,0.0004663778477077094,1.0,0.16548481502073797,0.8406802754963943,0.6429464937916842,0.16548481502073797,0.8406802754963943,0.6429464937916842,0.03750831850980396,0.05468884853169863,0.06363241199110303,True,True,True
gaussian_control,38,800,0.25,5.596319772399645e-05,5.596319772399645e-05,0.00035367056393171615,1.0,0.1949072388200954,0.8052032112859451,0.6010442592880682,0.1949072388200954,0.8052032112859451,0.6010442592880682,0.038010856184140206,0.05992540742455944,0.06339474543692428,True,True,True
gaussian_control,39,800,0.25,0.0006690235760670047,0.0006690235760670047,0.0004731127768026939,1.0,0.17925226760702798,0.7869894552732316,0.6087221557175113,0.17925226760702798,0.7869894552732316,0.6087221557175113,0.03766022572819733,0.052613810755779,0.060099214539027675,True,True,True
gaussian_control,40,800,0.25,0.0005226595160095869,0.0005226595160095869,0.00027277711633547037,1.0,0.21870773230878082,0.8101800617351805,0.6066769734644488,0.21870773230878082,0.8101800617351805,0.6066769734644488,0.038338378012271364,0.0547798807694906,0.061802202013715696,True,True,True
gaussian_control,41,800,0.25,0.00017389294333648497,0.00017389294333648497,3.951020875085208e-05,1.0,0.18829010894178694,0.7983359196745962,0.6060601512843536,0.18829010894178694,0.7983359196745962,0.6060601512843536,0.03518265313858652,0.04521107573575258,0.061038017847007325,True,True,True
gaussian_control,42,800,0.25,0.0013883069766196668,0.0013883069766196668,0.00036131115394950073,1.0,0.2090249775934281,0.8277656729645488,0.6216306283161794,0.2090249775934281,0.8277656729645488,0.6216306283161794,0.03658643163946921,0.05213728678192929,0.06223507093334915,True,True,True
gaussian_control,43,800,0.25,0.040467345609835254,0.040467345609835254,0.00014310396155715814,1.0,0.2927368814497812,0.9028893591898777,0.7209588754602819,0.2927368814497812,0.9028893591898777,0.7209588754602819,0.03923742680059182,0.051171665104665046,0.06237704808749275,False,False,True
gaussian_control,44,800,0.25,0.0019479983893686814,0.0019479983893686814,0.00024006116278672926,1.0,0.19475380874055656,0.7693928606567493,0.5666132481874973,0.19475380874055656,0.7693928606567493,0.5666132481874973,0.035315817650429036,0.0474951159022467,0.05742033863056804,True,True,True
gaussian_control,45,800,0.25,0.0002922396754137135,0.0002922396754137135,0.00015293969752664432,1.0,0.1985507096683039,0.7950049731818833,0.5855119432093426,0.1985507096683039,0.7950049731818833,0.5855119432093426,0.03828089123076954,0.066167651350184,0.06739908488874892,True,True,True
gaussian_control,46,800,0.25,0.005118541578727419,0.005118541578727419,0.0003354013339799035,1.0,0.15340019277004144,0.7707115541332576,0.5455755254746947,0.15340019277004144,0.7707115541332576,0.5455755254746947,0.03467615128967859,0.04971431271466189,0.06249990891505037,True,True,True
gaussian_control,47,800,0.25,0.0012629018290001926,0.0012629018290001926,0.0001111406933211823,1.0,0.2240166882754363,0.8195679741077085,0.61593852109811,0.2240166882754363,0.8195679741077085,0.61593852109811,0.037105620755459916,0.04917532423889963,0.06031856612941487,True,True,True
gaussian_control,48,800,0.25,0.04442132082482484,0.04442132082482484,0.0004051296137392453,1.0,0.2440123447904662,0.9407759486760904,0.7358268206333161,0.2440123447904662,0.9407759486760904,0.7358268206333161,0.038557172260341215,0.054318397491476864,0.05828135770780806,True,False,False
gaussian_control,49,800,0.25,0.0002475764138131761,0.0002475764138131761,0.00016972360188758208,1.0,0.184438298125348,0.7971743502033075,0.6001715966021615,0.184438298125348,0.7971743502033075,0.6001715966021615,0.03725489576848602,0.04905139937710684,0.06209629239896885,True,True,True
gaussian_control,50,800,0.25,0.010952554968180902,0.010952554968180902,0.00019115586970867146,1.0,0.2787976708699893,0.8515096133239239,0.6360424866987264,0.2787976708699893,0.8515096133239239,0.6360424866987264,0.03646530670829652,0.047285784067701994,0.0625066485654436,False,True,True
gaussian_control,51,800,0.25,0.009350099258970828,0.009350099258970828,0.0003036583618053914,1.0,0.1789549059821469,0.7242088406772627,0.5390454535434472,0.1789549059821469,0.7242088406772627,0.5390454535434472,0.035574203405135514,0.04918223101300012,0.06172504406654478,True,True,True
gaussian_control,52,800,0.25,0.004314287162226741,0.004314287162226741,0.00019777738617368374,1.0,0.21560644037685237,0.8529223073118847,0.6372952597783452,0.21560644037685237,0.8529223073118847,0.6372952597783452,0.036168496414715604,0.052190385391199884,0.0633488846837912,True,True,True
gaussian_control,53,800,0.25,0.015087532995142823,0.015087532995142823,0.00023830052522245355,1.0,0.23189894180754186,0.8723693179098142,0.6861098909223969,0.23189894180754186,0.8723693179098142,0.6861098909223969,0.037624951535027394,0.04772205351367639,0.05994299561357257,True,True,True
gaussian_control,54,800,0.25,0.010952645777948753,0.010952645777948753,0.0004097129706965272,1.0,0.1557713892822238,0.7207461615890529,0.5368709648190174,0.1557713892822238,0.7207461615890529,0.5368709648190174,0.034635351326505075,0.05025677601733419,0.06306326076754681,True,True,True
gaussian_control,55,800,0.25,0.028208265375679983,0.028208265375679983,0.00017243402880415138,1.0,0.23114299749871922,0.9185101708433494,0.7040639936531444,0.23114299749871922,0.9185101708433494,0.7040639936531444,0.037488395647179,0.05799673915126902,0.07094985436228517,True,False,True
gaussian_control,56,800,0.25,0.0005784727820038199,0.0005784727820038199,0.00038201771281848226,1.0,0.19885611025860983,0.7884964349137731,0.5778817160521921,0.19885611025860983,0.7884964349137731,0.5778817160521921,0.035297085161227905,0.04719415632657779,0.061387184589325884,True,True,True
gaussian_control,57,800,0.25,0.025833734176232036,0.025833734176232036,0.00039255873534625366,1.0,0.1174250792706216,0.7150754765724087,0.44630775887736773,0.1174250792706216,0.7150754765724087,0.44630775887736773,0.03178025347712495,0.04670236232874725,0.06034382359561996,False,True,False
gaussian_control,58,800,0.25,0.003036044258330858,0.003036044258330858,9.937089065018592e-05,1.0,0.25254735459324945,0.8113636749760789,0.6086408483727623,0.25254735459324945,0.8113636749760789,0.6086408483727623,0.03601803626416721,0.0502023841292813,0.06386730185959204,True,True,True
gaussian_control,59,800,0.25,0.0007202034104955282,0.0007202034104955282,0.000339253513777191,1.0,0.19076968363413602,0.8219977593101726,0.6113378665818392,0.19076968363413602,0.8219977593101726,0.6113378665818392,0.03667415573310305,0.052541358679627795,0.0629156436554011,True,True,True
centered_exponential_skew,0,800,0.25,0.07211870988899712,0.8081776331493118,0.00017969895039022564,11.206213122686663,0.2086859132276011,0.9840580742950681,0.6999991850630529,0.2086859132276011,0.9840580742950681,0.4731978243833077,0.04957656663451245,0.2719861619458584,0.08622236002038615,True,True,True
centered_exponential_skew,1,800,0.25,0.02835268239042892,0.3629964580067026,5.794074917769284e-05,12.802896495226856,0.1833991176584593,0.7049880262957422,0.401490233274785,0.1833991176584593,0.7049880262957422,0.5101589734506673,0.030922690349992243,0.06490123040062601,0.1530448041716397,True,True,True
centered_exponential_skew,2,800,0.25,0.0802297245641051,0.25308626766992753,0.00026316334799319943,3.1545199618341795,0.16500552802274412,0.6227559735238949,0.17953225283959567,0.16500552802274412,0.6227559735238949,0.525720462518649,0.02675691285761835,0.05180959013109317,0.12006251412629017,True,False,False
centered_exponential_skew,3,800,0.25,0.0034662489724584344,0.4781760035390714,0.0004982200118919746,137.95200729621146,0.20789170967204956,0.7720287566191449,0.5362321015902131,0.20789170967204956,0.7720287566191449,0.5152328549269213,0.03373452854899601,0.07021622928731185,0.13707035429777015,True,True,True
centered_exponential_skew,4,800,0.25,0.023350543159525824,0.6658657681527813,8.576710014135663e-05,28.516071921913397,0.21795957656099385,0.9047755121445695,0.675597783361839,0.21795957656099385,0.9047755121445695,0.48350988376714576,0.042887107754061245,0.1786183225873133,0.1214932670379418,True,True,True
centered_exponential_skew,5,800,0.25,0.07543383539858264,0.2795853160589483,0.0005444848239019641,3.706364850489911,0.174338393435272,0.6502177396149921,0.19491819573127758,0.174338393435272,0.6502177396149921,0.5261308350302205,0.0274882297931362,0.05581465088896269,0.1481881083024058,True,False,False
centered_exponential_skew,6,800,0.25,0.0014770581774559187,0.5532590856053073,0.0001351028443560613,374.5682425036496,0.22725976647265067,0.8245307187015164,0.6060495304193377,0.22725976647265067,0.8245307187015164,0.4952730099151256,0.03782360290141891,0.11921326379978463,0.1501542708983671,True,True,True
centered_exponential_skew,7,800,0.25,0.028138212318347858,0.7159603907320315,0.000253978026384275,25.44441639119984,0.24123846032127347,0.878232370013947,0.7249513271143444,0.24123846032127347,0.878232370013947,0.4941187847494786,0.039767303716266314,0.07298735771598622,0.09137258940704829,True,True,True
centered_exponential_skew,8,800,0.25,0.036810368583441735,0.6974075967242566,0.00040453936168186153,18.94595527190588,0.20453481209356034,0.9174689546922856,0.6910772520622627,0.20453481209356034,0.9174689546922856,0.473394922971736,0.04588558481778996,0.21582159339522675,0.09404554136477405,True,True,True
centered_exponential_skew,9,800,0.25,0.0008640626423689501,0.531639808730048,7.682379861617936e-05,615.2792432646806,0.19856548679996852,0.8025263189993579,0.6292795699794981,0.19856548679996852,0.8025263189993579,0.49846894792636837,0.03721819227206011,0.09395891156414128,0.12369874144917026,True,True,True
centered_exponential_skew,10,800,0.25,0.037550710895641,0.42555458962230475,7.362627793079744e-05,11.332797155424943,0.2177602810892826,0.7052700062505726,0.33553358810345535,0.2177602810892826,0.7052700062505726,0.52961191617171,0.03076624292543763,0.041691702700538756,0.10274967338512123,True,False,False
centered_exponential_skew,11,800,0.25,0.043974374035467785,0.3052593221277766,0.00023788990185057756,6.941754802048301,0.18481492410836423,0.6762696265760146,0.3230561252831111,0.18481492410836423,0.6762696265760146,0.5049305897745321,0.028819872391994468,0.051908592514362306,0.1228245574103163,True,False,False
centered_exponential_skew,12,800,0.25,0.0057034508414106535,0.35448456403888273,7.790459279160056e-05,62.152646510968594,0.15000451914895505,0.7514190875322845,0.5578192260864417,0.15000451914895505,0.7514190875322845,0.48594944876269214,0.03388012957423519,0.14234291632235413,0.1780963956580687,True,True,True
centered_exponential_skew,13,800,0.25,0.01522804695340351,0.7045501323951422,0.0001848438207834391,46.26661150645279,0.24972118461066511,0.8622260410667772,0.6827851532227504,0.24972118461066511,0.8622260410667772,0.5036087710388674,0.0395116466676402,0.0855148977924403,0.10953278428499079,True,True,True
centered_exponential_skew,14,800,0.25,0.020392837970237335,0.7119508839230256,5.853543624451738e-05,34.91180996789628,0.23963627158110826,0.8777505860283233,0.6940258875174905,0.23963627158110826,0.8777505860283233,0.498926366361625,0.040292247840340786,0.09749240236342469,0.10742988814401197,True,True,True
centered_exponential_skew,15,800,0.25,0.012395476892630812,0.6929212660320306,0.0008371392875616546,55.901138135635314,0.2500318992592766,0.868755582285137,0.6575079283431415,0.2500318992592766,0.868755582285137,0.4978475700624488,0.039560330194881026,0.09314683416730396,0.1152216429711316,True,True,True
centered_exponential_skew,16,800,0.25,0.1943994607845001,1.1462957185288027,0.00024273075485244276,5.896599269889536,0.2594492758132107,1.0584778717874639,0.7603463173375834,0.2594492758132107,1.0584778717874639,0.4763118325589079,0.052640928143208414,0.17023752176016024,0.05644707741975401,True,True,False
centered_exponential_skew,17,800,0.25,0.0016549438822515852,0.587903168497501,0.00045779474391133653,355.24054610096306,0.2273726869500774,0.825536522105075,0.6123597544887251,0.2273726869500774,0.825536522105075,0.49656917413489005,0.037490839775390694,0.08893046155541724,0.12975140666911442,True,True,True
centered_exponential_skew,18,800,0.25,0.12971661153618266,1.027152445002167,7.096815946302246e-05,7.918434137602006,0.2782942174890839,0.9885474426171084,0.7656566071225956,0.2782942174890839,0.9885474426171084,0.48427012283216264,0.04848056329144938,0.12861981585200555,0.06850560269715963,True,True,False
centered_exponential_skew,19,800,0.25,0.0027734297918043144,0.46428848004626366,1.2418519455879903e-05,167.40588906135994,0.2067113209295311,0.7689115462339423,0.5521234997688296,0.2067113209295311,0.7689115462339423,0.500342149799505,0.03456409689655453,0.07532280517793469,0.12653598288682,True,True,True
centered_exponential_skew,20,800,0.25,0.1683941948262576,1.1195672599241948,0.00024240054248671054,6.648490828792047,0.2875809552532676,1.0043925553114874,0.8091345057578309,0.2875809552532676,1.0043925553114874,0.49624285117047406,0.04804514318017709,0.10738997592565913,0.0650524562456669,True,True,False
centered_exponential_skew,21,800,0.25,0.03613787381464771,0.6627077611265048,1.605799599183061e-05,18.33831631948115,0.18563235074309437,0.9071693964217421,0.7216265954538033,0.18563235074309437,0.9071693964217421,0.4847889712793158,0.04108217533807178,0.1157804584474017,0.09287025608629727,True,True,True
centered_exponential_skew,22,800,0.25,0.0014447282954135584,0.48503811575713685,0.0009120018188375032,335.72964362706904,0.1621480078998932,0.8013898650502979,0.6035939447470042,0.1621480078998932,0.8013898650502979,0.4893647983365182,0.03621526140963168,0.11495488331190218,0.14323182011010355,True,True,True
centered_exponential_skew,23,800,0.25,0.03281631764102777,0.3082177114348234,8.098821994142401e-06,9.392208925034357,0.16891096052601054,0.6837294151051542,0.3887451844398289,0.16891096052601054,0.6837294151051542,0.5060789615989993,0.029766083729757892,0.07162651596855564,0.1510224488590933,True,True,True
centered_exponential_skew,24,800,0.25,0.0006589660440510994,0.5030331767887158,0.00025757873358014,763.3673712475968,0.21152941651370422,0.7811725127104913,0.585484910408762,0.21152941651370422,0.7811725127104913,0.4986451786844671,0.03498911539820478,0.07064110979968971,0.12327273904713114,True,True,True
centered_exponential_skew,25,800,0.25,0.0012767853007251528,0.5551036006682407,0.0004669244871190177,434.76659729162645,0.19533741996728435,0.8312670205320356,0.6154163432013918,0.19533741996728435,0.8312670205320356,0.49540595903034734,0.037028369357880106,0.09186134922707315,0.123747614436152,True,True,True
centered_exponential_skew,26,800,0.25,0.15298283415570108,1.044822416991359,0.00012173502186968743,6.82967094156441,0.2605211493676647,1.0411100936366147,0.7375537638900661,0.2605211493676647,1.0411100936366147,0.47383499183719263,0.052029047002366664,0.20288243725332608,0.06290122915558961,True,True,False
centered_exponential_skew,27,800,0.25,0.0011314169315528116,0.5317257677059932,0.0004896955192291618,469.9644780604679,0.20811835046956229,0.7705452546350947,0.610742635716744,0.20811835046956229,0.7705452546350947,0.5133820161448921,0.03548502062858952,0.06519039175121505,0.11804351331065302,True,True,True
centered_exponential_skew,28,800,0.25,0.0016204976838177986,0.4474477568688615,0.00027410562251902815,276.1174923833896,0.1755127201671122,0.7885946518990877,0.568818432235255,0.1755127201671122,0.7885946518990877,0.4878669602144093,0.03500377358433053,0.10398144246296931,0.14620986931961544,True,True,True
centered_exponential_skew,29,800,0.25,0.05742355599993669,0.31054935381370785,3.412212751895401e-05,5.4080481155512246,0.1760681890403751,0.6598369598601553,0.25961815267413507,0.1760681890403751,0.6598369598601553,0.5213771870034904,0.028285237071360082,0.04717115975975168,0.11637707464952685,True,False,False
centered_exponential_skew,30,800,0.25,0.008573750090800454,0.3771178941474074,0.00025236237589707004,43.98517453314285,0.14090310080422574,0.7526330014085942,0.5276179094888017,0.14090310080422574,0.7526330014085942,0.49340952544276034,0.03219131073833906,0.08215609663889262,0.13619373742895724,True,True,True
centered_exponential_skew,31,800,0.25,0.05247068824078036,0.3000577397567284,0.0001392831927814115,5.718578311376573,0.16989714777597345,0.6700839631213729,0.28838817371067116,0.16989714777597345,0.6700839631213729,0.5166509725617583,0.028629431470653242,0.05627636302682693,0.12909100114221309,True,False,False
centered_exponential_skew,32,800,0.25,0.002824178119368769,0.552250512665875,0.00010961438524348566,195.54379692924903,0.23003199281645087,0.7898527026451474,0.5527071852710627,0.23003199281645087,0.7898527026451474,0.5133219141173271,0.0355526388477509,0.06881028843036022,0.12450639503027357,True,True,True
centered_exponential_skew,33,800,0.25,0.0009672934734929434,0.4620636029290522,4.8345727188660395e-05,477.6870883461234,0.18487253961710792,0.7831116861748476,0.5773153746432267,0.18487253961710792,0.7831116861748476,0.4965466968509908,0.03549679561945402,0.0984753170555302,0.1403555748105063,True,True,True
centered_exponential_skew,34,800,0.25,0.005102129594827145,0.5952864133035729,0.0001856311183451484,116.67410680965672,0.20806831757124278,0.843749618784408,0.6468017832186964,0.20806831757124278,0.843749618784408,0.49074946579209006,0.03947375112087433,0.12878469330155184,0.129322439741203,True,True,True
centered_exponential_skew,35,800,0.25,0.024718230677908043,0.6553959074413831,0.00016886927483169016,26.514677202488617,0.21945963472921853,0.8925930474982302,0.6983471156310495,0.21945963472921853,0.8925930474982302,0.4853808384709434,0.04072261537213049,0.11792428845546994,0.10012712761206699,True,True,True
centered_exponential_skew,36,800,0.25,0.020230935434395043,0.411466269135248,0.0004846035893770855,20.33846978897997,0.22492411317289077,0.7167602817938082,0.4438702557999948,0.22492411317289077,0.7167602817938082,0.5065790385286555,0.031797559610522205,0.054695062299550366,0.1260597472418805,True,True,True
centered_exponential_skew,37,800,0.25,0.03069909376796489,0.3428562561261419,0.0007343389300727698,11.168285901778612,0.1923258943893267,0.6979700760217815,0.4111080051297958,0.1923258943893267,0.6979700760217815,0.49321697366376693,0.03130874825724591,0.06781219191245012,0.1448457176892261,True,True,True
centered_exponential_skew,38,800,0.25,0.02643308170740234,0.4044999598775002,0.00024319625687028426,15.302792324976007,0.20259068373983294,0.7211831829023493,0.3969569559128631,0.20259068373983294,0.7211831829023493,0.5137622452072221,0.03129525765384884,0.054916445328443295,0.1341341387723865,True,True,True
centered_exponential_skew,39,800,0.25,0.025220874487459116,0.6498545657870054,0.00046215575462335914,25.766535815803714,0.21291896276537284,0.893626515459579,0.697809766989226,0.21291896276537284,0.893626515459579,0.4851049213973627,0.041303969265273056,0.12372371711601406,0.09882593566005342,True,True,True
centered_exponential_skew,40,800,0.25,0.011451880220291422,0.43111569794120874,0.0001548161191553512,37.64584414507943,0.20000184542540314,0.7468284542594896,0.4787554219376697,0.20000184542540314,0.7468284542594896,0.503958782272194,0.032371211461624326,0.0600227394118921,0.13152675805057712,True,True,True
centered_exponential_skew,41,800,0.25,0.013055973573108488,0.4035380324282889,0.00043394153123221693,30.908306467428826,0.1846856012105833,0.7326682670210073,0.47930370776657005,0.1846856012105833,0.7326682670210073,0.5007541168041655,0.032088705828260636,0.05684686974856033,0.11549118046611159,True,True,True
centered_exponential_skew,42,800,0.25,0.056998121154018797,0.22376632684496173,0.0004512563229634324,3.92585443720691,0.13909523575680974,0.6094947233972468,0.30398155951776756,0.13909523575680974,0.6094947233972468,0.5105031805467279,0.02721372662611956,0.07788013495157829,0.1857488595913229,False,False,True
centered_exponential_skew,43,800,0.25,0.01145691946500495,0.6788241651178331,0.00047224326708479483,59.25014723122519,0.22817878881615108,0.8786665509612354,0.6456355396252749,0.22817878881615108,0.8786665509612354,0.49034924454766066,0.04165517195458555,0.14829696185660785,0.13368296649476152,True,True,True
centered_exponential_skew,44,800,0.25,0.0006958644401192935,0.5284450301121368,5.283246713483874e-05,759.4080105911784,0.21691429765734238,0.7856693427577529,0.584026074679554,0.21691429765734238,0.7856693427577529,0.5032776958094587,0.03590867073171933,0.07220526028601787,0.12178145657135162,True,True,True
centered_exponential_skew,45,800,0.25,0.003992370963132205,0.4959108767024937,0.00034438412144553466,124.21462867103611,0.21462959046622884,0.7828729413766724,0.5307220020824069,0.21462959046622884,0.7828729413766724,0.5069064838245608,0.034146615837302496,0.06630683265449915,0.12783667415677738,True,True,True
centered_exponential_skew,46,800,0.25,0.020617364426298846,0.41364979053979717,0.0003386060310825987,20.063175000785204,0.2035171311747737,0.7155690102274319,0.429362231471075,0.2035171311747737,0.7155690102274319,0.5248317681362503,0.03158022241722109,0.05789286825653522,0.12951872987351506,True,True,True
centered_exponential_skew,47,800,0.25,0.002810403091543904,0.47118045345796916,7.440934099361244e-05,167.65582662347722,0.19456495160472476,0.7766657922244171,0.5434914839940914,0.19456495160472476,0.7766657922244171,0.5063208492226023,0.033961613825420435,0.0726700785678829,0.13376041245747308,True,True,True
centered_exponential_skew,48,800,0.25,0.04345102355297366,0.316625176860625,0.0003372822163013794,7.286944034232219,0.1693638861870798,0.6779738051887344,0.3366265627354248,0.1693638861870798,0.6779738051887344,0.5164758830946511,0.029430167817909515,0.0705765647686346,0.17301891385611262,True,True,True
centered_exponential_skew,49,800,0.25,0.011989818102941885,0.4419467264717124,4.4705848679577806e-05,36.86016941018263,0.1982069595079022,0.7435441648855241,0.4767910410927864,0.1982069595079022,0.7435441648855241,0.5121367474830846,0.03265959550040724,0.061645765019266476,0.13366566105425837,True,True,True
centered_exponential_skew,50,800,0.25,0.0036228535170673916,0.5003954903538375,6.168350130567194e-05,138.12192184874615,0.2133035203178025,0.7664393012795496,0.5406257498651106,0.2133035203178025,0.7664393012795496,0.5136546660716698,0.03433717807295259,0.061733279566731906,0.12011232865536507,True,True,True
centered_exponential_skew,51,800,0.25,0.009336157874605597,0.48623839599746654,0.00017091772109608102,52.081209693340526,0.2268944144228526,0.7607445558327616,0.49963335381753754,0.2268944144228526,0.7607445558327616,0.5052621654327699,0.034167151898622655,0.06742515907605948,0.1412491176703162,True,True,True
centered_exponential_skew,52,800,0.25,0.006800180776492215,0.4345642689630337,0.00042640254042167864,63.90481124638542,0.19148446566373165,0.7488886952307043,0.5171230941731135,0.19148446566373165,0.7488886952307043,0.5133793294167329,0.033248224614738184,0.08371338919618897,0.16409932441884303,True,True,True
centered_exponential_skew,53,800,0.25,0.02028146465771703,0.43629377874944486,0.00040672578009538237,21.51194630726221,0.19337529978127052,0.7424850618487094,0.4140329423093968,0.19337529978127052,0.7424850618487094,0.5229773426024482,0.03136013630193293,0.05286175980239428,0.1281179850381349,True,True,True
centered_exponential_skew,54,800,0.25,0.0368109580877523,0.29273451543591433,3.774004687754618e-05,7.952374256004833,0.1405895951199581,0.6822409443010812,0.36608909268407824,0.1405895951199581,0.6822409443010812,0.5057312070800081,0.028825760211815193,0.0666712279618797,0.138983288962857,False,True,True
centered_exponential_skew,55,800,0.25,0.03406433353738567,0.7744846345768752,0.00012083658355686289,22.73593973963638,0.24252140073129158,0.9014580033158076,0.7044793676974138,0.24252140073129158,0.9014580033158076,0.4914156316898266,0.0431943981312135,0.14045469173195563,0.10258642650003257,True,True,True
centered_exponential_skew,56,800,0.25,0.02800816392567805,0.6339735859776536,5.740926344547934e-05,22.635314034149268,0.1860987924605106,0.88685258187208,0.719094035882926,0.1860987924605106,0.88685258187208,0.48723650463342427,0.03999991144666935,0.10932189525553455,0.0944210134569116,True,True,True
centered_exponential_skew,57,800,0.25,0.00026882181113232486,0.5310684088557395,0.00010409690067082381,1975.5406252892417,0.20620971610575886,0.7988388530900613,0.6156653194344579,0.20620971610575886,0.7988388530900613,0.4988887761931241,0.036442559350052806,0.08810494522436056,0.127588168797314,True,True,True
centered_exponential_skew,58,800,0.25,0.0008148581266835081,0.5051631429978652,7.722891524784634e-05,619.9399950196131,0.21518323744929016,0.7777927727948611,0.5913810691212136,0.21518323744929016,0.7777927727948611,0.5003136395436845,0.03584488131356718,0.08774696103099808,0.13975017365948786,True,True,True
centered_exponential_skew,59,800,0.25,0.00023571669989119761,0.5278520704750669,0.00035477284862973663,2239.3494848634546,0.18623960355278746,0.8061024695409215,0.5983173174931817,0.18623960355278746,0.8061024695409215,0.5056537380975779,0.036027500459549625,0.08868482138261817,0.13526084541086822,True,True,True
uniform_platykurtic,0,800,0.25,0.003529268171784596,0.003529268171784559,0.00030851577354623275,0.9999999999999896,0.20538876613891638,0.7687259011052678,0.5487820349334157,0.20538876613891638,0.7687259011052682,0.8677005846858423,0.035501480785474264,0.03256910890074414,0.03697460048760099,True,True,True
uniform_platykurtic,1,800,0.25,0.0013955975087118387,0.0013955975087118328,0.0005616007525122245,0.9999999999999958,0.2351171740416713,0.8123372220621101,0.5959680009904228,0.2351171740416713,0.8123372220621105,0.9423081478536106,0.03732847729985781,0.03372444399367425,0.037994817040057444,True,True,True
uniform_platykurtic,2,800,0.25,0.010687621549006434,0.010687621549006461,2.1881315218762543e-05,1.0000000000000027,0.2612541720251889,0.8491286364370535,0.6599270688601613,0.2612541720251889,0.8491286364370537,1.0434363135984446,0.03760102663579401,0.032889107617639135,0.03803935491984283,True,True,True
uniform_platykurtic,3,800,0.25,0.00024484103290509654,0.0002448410329050889,0.000173905639676888,0.9999999999999688,0.19177143602294014,0.7868179616458144,0.5979825789800137,0.19177143602294014,0.7868179616458149,0.9454934753391866,0.03638405561800398,0.03357962311413148,0.03556484561736202,True,True,True
uniform_platykurtic,4,800,0.25,0.0024605562952550258,0.002460556295255028,0.00020475542757724118,1.0000000000000009,0.2456631640127521,0.8173307406986755,0.6018049445506145,0.2456631640127521,0.817330740698676,0.9515371659656403,0.03684960839180924,0.03253274279685174,0.03831051541007665,True,True,True
uniform_platykurtic,5,800,0.25,0.0003197721534098874,0.0003197721534098814,0.00012154757000452021,0.9999999999999812,0.20453493503819048,0.7833737914688669,0.5954316123946597,0.20453493503819048,0.7833737914688672,0.941460043016835,0.03658466518700962,0.03391674692530426,0.036532184782942234,True,True,True
uniform_platykurtic,6,800,0.25,0.0004012624995338377,0.0004012624995338296,0.0005622787155049125,0.9999999999999799,0.18803979682810257,0.7984288838269759,0.6161544134596816,0.18803979682810257,0.7984288838269763,0.9742256684488506,0.03575810783712873,0.032300016187777614,0.03642138853169013,True,True,True
uniform_platykurtic,7,800,0.25,0.0018740595463639226,0.0018740595463639159,7.944139778948264e-05,0.9999999999999964,0.1694130273571295,0.7706572489511292,0.5866207091799405,0.1694130273571295,0.7706572489511296,0.9275287818159288,0.03620675225751461,0.0333086417255322,0.037855686053180515,True,True,True
uniform_platykurtic,8,800,0.25,0.017132328113243812,0.01713232811324371,0.000227658342338736,0.9999999999999939,0.1433114888640826,0.7164959228778,0.5060708748951311,0.1433114888640826,0.7164959228778002,0.800168311071371,0.03468808411740719,0.03259829369429894,0.036175583876711485,True,False,False
uniform_platykurtic,9,800,0.25,0.0016283700113821466,0.001628370011382137,0.00030497822743055683,0.9999999999999941,0.22986844376222507,0.821323840522765,0.5863769670816367,0.22986844376222507,0.8213238405227649,0.9271433917197739,0.03598301830264824,0.03365590365991897,0.037415686590248444,True,True,True
uniform_platykurtic,10,800,0.25,0.007655849499655409,0.0076558494996554725,0.0004371490031036557,1.0000000000000082,0.25224891561509327,0.8350491458900874,0.6537126000297728,0.25224891561509327,0.8350491458900877,1.0336103756223698,0.038755522382835396,0.03489371389810272,0.037309461429545665,True,True,True
uniform_platykurtic,11,800,0.25,0.00029970214126567185,0.0002997021412657154,0.00012645775774173948,1.0000000000001452,0.20146436061949152,0.8031379626902033,0.5831576118843461,0.20146436061949152,0.8031379626902038,0.9220531442095031,0.03635434083671486,0.03382872411073244,0.03731545522769098,True,True,True
uniform_platykurtic,12,800,0.25,0.007207190198651403,0.007207190198651436,0.00016209340078973675,1.0000000000000047,0.15685161061338418,0.7511819987433225,0.5397438671959751,0.15685161061338418,0.7511819987433227,0.85340998672336,0.03478317733516505,0.03383228305694537,0.036059963523556504,True,True,True
uniform_platykurtic,13,800,0.25,0.002188349678207361,0.0021883496782073306,0.00021466403268716682,0.9999999999999861,0.24347532740600236,0.8144076146268251,0.6058641511503214,0.24347532740600236,0.8144076146268251,0.9579553351397688,0.037289010717359454,0.032731155753689394,0.03747215569748471,True,True,True
uniform_platykurtic,14,800,0.25,0.0026841370097010564,0.002684137009701003,0.0004967390838502694,0.9999999999999801,0.2393530319505812,0.798677063425166,0.6326191842015771,0.2393530319505812,0.7986770634251663,1.0002587567972954,0.03680523558730602,0.033853163337112004,0.03648757916462367,True,True,True
uniform_platykurtic,15,800,0.25,0.0012769042022881302,0.001276904202288097,5.5440886520933484e-05,0.999999999999974,0.19446920912687227,0.8283153992913965,0.6207183131405409,0.19446920912687227,0.8283153992913967,0.9814418274508654,0.03652050224859929,0.033045801255550594,0.03705843737642315,True,True,True
uniform_platykurtic,16,800,0.25,0.002405138098341955,0.00240513809834185,0.0002941067966016548,0.9999999999999564,0.20098118274501917,0.8233254361640497,0.6433951577091461,0.20098118274501917,0.8233254361640499,1.0172970669420702,0.036622481554358335,0.03304746058923936,0.03742815527064818,True,True,True
uniform_platykurtic,17,800,0.25,0.0031048450599739574,0.003104845059973974,0.00012593229266169876,1.0000000000000053,0.18375183520023125,0.7796549793395134,0.5476289462772914,0.18375183520023125,0.7796549793395137,0.865877391437114,0.03500250953927676,0.03260596294161498,0.03742516096627307,True,True,True
uniform_platykurtic,18,800,0.25,0.004017336855190615,0.004017336855190641,0.0006510177403139919,1.0000000000000064,0.13676063388692092,0.8037291021933128,0.5988595244628089,0.13676063388692092,0.8037291021933133,0.9468800478939025,0.0360442347702866,0.03281021242715991,0.037611733824999286,True,True,True
uniform_platykurtic,19,800,0.25,0.000505346655813746,0.0005053466558137543,0.00023280187893914465,1.0000000000000162,0.17889674279586848,0.7920755584564606,0.6018960667884262,0.17889674279586848,0.7920755584564609,0.9516812428741301,0.03643980418243556,0.03210604105131188,0.036530011201075636,True,True,True
uniform_platykurtic,20,800,0.25,0.002212115495992312,0.002212115495992222,0.0002124513093746854,0.9999999999999593,0.21880662968069736,0.7879741632023834,0.557939882178975,0.21880662968069736,0.787974163202384,0.8821804125657768,0.03571739719477393,0.03283126071775064,0.03736484759475512,True,True,True
uniform_platykurtic,21,800,0.25,0.0038000395193054175,0.003800039519305509,0.00031256895007851434,1.000000000000024,0.18225932155074498,0.7538063134303,0.5615263078932563,0.18225932155074498,0.7538063134303002,0.8878510495238359,0.035340381402897865,0.032630265750073856,0.03595814439758978,True,True,True
uniform_platykurtic,22,800,0.25,0.0020139013804333448,0.0020139013804333413,0.00015593786358808189,0.9999999999999982,0.1556050759545473,0.7937524037192397,0.5936706484009592,0.1556050759545473,0.7937524037192399,0.9386757144680169,0.03630206077131711,0.032826278683599816,0.0376443980145281,True,True,True
uniform_platykurtic,23,800,0.25,0.0014084100488282625,0.0014084100488282786,0.0006673970873879803,1.0000000000000113,0.16842382837098235,0.8196434066902923,0.5987953461691493,0.16842382837098235,0.8196434066902927,0.9467785731017438,0.03696908129141282,0.03297735622355825,0.03677333745388039,True,True,True
uniform_platykurtic,24,800,0.25,0.006870892729867575,0.0068708927298676194,0.0003661129710757441,1.0000000000000064,0.11724912690358671,0.791833049135746,0.5869206382417654,0.11724912690358671,0.7918330491357464,0.9280030113018485,0.03560086474266492,0.03293745273232331,0.038872260631920494,False,True,True
uniform_platykurtic,25,800,0.25,0.0017080863965614412,0.0017080863965613935,8.159362848469638e-05,0.999999999999972,0.2265774588800489,0.8180718620195753,0.6244715393890582,0.2265774588800489,0.8180718620195754,0.9873761992104874,0.036785142663184,0.0325084981708956,0.03698831152023075,True,True,True
uniform_platykurtic,26,800,0.25,0.00034127037857717424,0.00034127037857719375,0.0001716573250098434,1.0000000000000573,0.21670936961551845,0.8033520578081758,0.6077184754006185,0.21670936961551845,0.8033520578081763,0.960887279215484,0.03587834079485151,0.03358473687911976,0.03739965976622242,True,True,True
uniform_platykurtic,27,800,0.25,0.003395150681060285,0.0033951506810602885,5.782944652113619e-05,1.000000000000001,0.1438740677984556,0.7892138723158086,0.5815836323119414,0.1438740677984556,0.7892138723158085,0.9195644639898177,0.03500295984245121,0.03340135237408952,0.0367049276586331,True,True,True
uniform_platykurtic,28,800,0.25,0.00017762827864465706,0.00017762827864467514,4.4690651391977e-05,1.0000000000001017,0.2007135699281783,0.8039730205433255,0.5875798243429557,0.2007135699281783,0.8039730205433256,0.9290452760426937,0.0364714699597246,0.03440233005109018,0.036943785304101945,True,True,True
uniform_platykurtic,29,800,0.25,0.0012249271921786428,0.0012249271921786807,0.0003462657359749755,1.000000000000031,0.212335007614566,0.769729941306773,0.5876902801508518,0.212335007614566,0.769729941306773,0.9292199220095655,0.03585127596271123,0.033122652608516656,0.03666599200313332,True,True,True
uniform_platykurtic,30,800,0.25,0.001053085905169207,0.0010530859051692256,0.00022791952635756906,1.0000000000000178,0.17192362230736727,0.8160128119746353,0.6013213075687331,0.17192362230736727,0.8160128119746357,0.9507724687539232,0.03638221302582347,0.03216830965470381,0.037147665588884764,True,True,True
uniform_platykurtic,31,800,0.25,0.0018864388330463273,0.001886438833046369,0.0003011359447983323,1.000000000000022,0.1831412868168977,0.7762893341013616,0.5651998440122883,0.1831412868168977,0.7762893341013615,0.8936594201253555,0.03539694890551318,0.03475868215626247,0.03724679818518443,True,True,True
uniform_platykurtic,32,800,0.25,0.0037686612610397384,0.0037686612610396937,0.00015560626505435225,0.9999999999999881,0.228320149060429,0.8438306850190493,0.6305148244131564,0.228320149060429,0.8438306850190493,0.9969314718233561,0.0369248564351567,0.03328932873389809,0.03697541691876846,True,True,True
uniform_platykurtic,33,800,0.25,0.013312948264154151,0.013312948264153862,0.0007552818933860292,0.9999999999999782,0.23797349339152393,0.8484986341728901,0.6887378895717401,0.23797349339152393,0.8484986341728904,1.0889902209521127,0.03900946703092919,0.03298271663594667,0.03771418312196622,True,True,False
uniform_platykurtic,34,800,0.25,0.0021356339221433244,0.0021356339221434172,0.00021321424255530623,1.0000000000000435,0.20238618222742094,0.8180946642820428,0.6427446139818707,0.20238618222742094,0.8180946642820432,1.0162684669942108,0.037159340193549356,0.03290933172601644,0.038879171341111865,True,True,True
uniform_platykurtic,35,800,0.25,0.003122347647334555,0.003122347647334628,0.00011146003477930096,1.0000000000000233,0.15924557536519304,0.7812133282674373,0.5632467325790745,0.15924557536519304,0.7812133282674373,0.8905712797988191,0.03554360419355037,0.03231202838086233,0.038322050864818796,True,True,True
uniform_platykurtic,36,800,0.25,0.0008033457945880328,0.000803345794587982,0.00012312259287192785,0.9999999999999368,0.22299629890072317,0.7965096432872572,0.6146870906549602,0.22299629890072317,0.7965096432872572,0.9719056273860359,0.037319415354423756,0.03379644896852721,0.03765350602654497,True,True,True
uniform_platykurtic,37,800,0.25,0.00047182582588967055,0.00047182582588966806,0.0006390259345010712,0.9999999999999947,0.20294167499410087,0.8215026766107254,0.6038258191576342,0.20294167499410087,0.8215026766107256,0.9547324492775286,0.0368282410068915,0.03434269824665196,0.03808859886263117,True,True,True
uniform_platykurtic,38,800,0.25,0.005084402676278212,0.005084402676278106,0.00012750210232768383,0.999999999999979,0.17454004616007956,0.7492419413567448,0.5506652767592775,0.17454004616007956,0.7492419413567453,0.8706782514631521,0.035157223737339656,0.03315610861312105,0.036534430552197406,True,True,True
uniform_platykurtic,39,800,0.25,0.006011076307590961,0.006011076307591025,0.0005708733201444383,1.0000000000000107,0.18433719629520656,0.7512394588625226,0.5400883081305865,0.18433719629520656,0.751239458862523,0.853954595659744,0.03543649211492289,0.031828408814182814,0.03650334780373438,True,True,True
uniform_platykurtic,40,800,0.25,0.0037058488499825083,0.003705848849982428,1.7592279795009485e-05,0.9999999999999784,0.2160675851072639,0.8384827524518673,0.6436627772769127,0.2160675851072639,0.8384827524518678,1.0177202106323564,0.03677057611255751,0.03258999183685611,0.03846450604557257,True,True,True
uniform_platykurtic,41,800,0.25,0.0021830076319710435,0.002183007631971017,4.012482649514537e-05,0.9999999999999879,0.21505472983449678,0.767760197856159,0.5693066030146295,0.21505472983449678,0.7677601978561589,0.9001527762497568,0.03628724099606383,0.0342205064236429,0.036539847984366804,True,True,True
uniform_platykurtic,42,800,0.25,0.0011068999553038826,0.0011068999553038754,0.00037163224340265686,0.9999999999999936,0.18887615968508562,0.7725431271726013,0.5839295289357384,0.18887615968508562,0.7725431271726015,0.9232736522330658,0.035418224847778644,0.03278493124872662,0.03666113988882733,True,True,True
uniform_platykurtic,43,800,0.25,0.006099688859054515,0.0060996888590545625,0.00045479041265337523,1.0000000000000078,0.26371953251045815,0.8340056418011134,0.6201635749653492,0.26371953251045815,0.8340056418011138,0.9805647093815426,0.037468167615127404,0.03200677464444354,0.03791907772976026,True,True,True
uniform_platykurtic,44,800,0.25,0.0038472899665815724,0.0038472899665816023,0.0006515879208582703,1.0000000000000078,0.140651102888556,0.7835670179900268,0.6072761284695537,0.140651102888556,0.7835670179900268,0.960187867306407,0.03560384119641485,0.03485446946907754,0.0360737105841293,True,True,True
uniform_platykurtic,45,800,0.25,0.0030299893842324855,0.0030299893842324886,3.900872658749484e-05,1.000000000000001,0.14655218940166567,0.7922948543044477,0.5852274087457057,0.14655218940166567,0.792294854304448,0.9253257803973876,0.03588631049534666,0.033522439632647366,0.0375448164224951,True,True,True
uniform_platykurtic,46,800,0.25,0.002790292782089482,0.0027902927820895275,0.0007241425067205013,1.0000000000000162,0.22393399665729635,0.7648085259369971,0.5674773706558622,0.22393399665729635,0.7648085259369976,0.8972605059380603,0.03621749060672725,0.033159436800056424,0.03805731508809306,True,True,True
uniform_platykurtic,47,800,0.25,0.015746039220129335,0.015746039220129352,0.00029596768649295163,1.000000000000001,0.26072518332671496,0.8633392194536914,0.6806942032746528,0.26072518332671496,0.8633392194536919,1.0762720362107743,0.03822207039590426,0.034427308132969056,0.036692533953598436,True,True,False
uniform_platykurtic,48,800,0.25,0.0010336180696797214,0.0010336180696797481,8.125768454997909e-05,1.0000000000000258,0.1984955458707266,0.7763015255657677,0.5777687770502502,0.1984955458707266,0.776301525565768,0.9135326482044045,0.03603634142245057,0.03328973146366571,0.037451762965993195,True,True,True
uniform_platykurtic,49,800,0.25,0.001876569526842136,0.0018765695268421051,0.0001685827319098497,0.9999999999999836,0.23836438717249003,0.796757396915091,0.6165594295828364,0.23836438717249003,0.7967573969150911,0.9748660551679806,0.037734368723605416,0.0342326018157051,0.03621024023798293,True,True,True
uniform_platykurtic,50,800,0.25,0.0034666734663300297,0.0034666734663300254,0.0005326322837212803,0.9999999999999988,0.16210891284757703,0.7715644746714064,0.5639777264771686,0.16210891284757703,0.7715644746714069,0.8917270826356516,0.036012397173584294,0.03280659565869279,0.03630674521921851,True,True,True
uniform_platykurtic,51,800,0.25,0.0011462526060338771,0.0011462526060338962,0.0006123639492837055,1.0000000000000167,0.23068695154068933,0.8074060401559012,0.5877703435989713,0.23068695154068933,0.8074060401559014,0.9293465134362581,0.036618680106950116,0.033321196161536004,0.03663009064110941,True,True,True
uniform_platykurtic,52,800,0.25,0.0006583874944328247,0.0006583874944327948,0.00019717667811119791,0.9999999999999546,0.20947070358873798,0.7804632377102265,0.5859994880965577,0.20947070358873798,0.780463237710227,0.9265465450389263,0.03632224959833655,0.03356823175078025,0.036976446135565055,True,True,True
uniform_platykurtic,53,800,0.25,0.002671329741342773,0.00267132974134273,0.0001204140970458728,0.9999999999999839,0.1653914493508018,0.7671538058704456,0.5769426830598127,0.1653914493508018,0.7671538058704459,0.9122264789188272,0.03580411499721844,0.03321005148205354,0.03515646389467064,True,True,True
uniform_platykurtic,54,800,0.25,0.0023019655669319176,0.0023019655669319233,0.0002993333286461159,1.0000000000000024,0.17485668359379816,0.8204033997329945,0.6348025377046929,0.17485668359379816,0.8204033997329946,1.003710941800873,0.03712168854506148,0.032517813620368145,0.03729594638341189,True,True,True
uniform_platykurtic,55,800,0.25,0.0015357222774638084,0.0015357222774638381,0.0001329374231999399,1.0000000000000193,0.17712548633444541,0.7818141654272903,0.5726971432512474,0.17712548633444541,0.7818141654272902,0.9055136910728346,0.036187333238853085,0.033407286954545895,0.03709831196552935,True,True,True
uniform_platykurtic,56,800,0.25,0.0010389381356865229,0.001038938135686579,0.0002678880178606318,1.000000000000054,0.21391710566904087,0.7736739917293443,0.5871162095016987,0.21391710566904087,0.7736739917293444,0.9283122366149766,0.036294814189525744,0.03442445911231312,0.03672771444113456,True,True,True
uniform_platykurtic,57,800,0.25,0.00045212049652748387,0.0004521204965274911,0.00011593563576393452,1.000000000000016,0.21921146366969377,0.7973818669758166,0.607994356380538,0.21921146366969377,0.7973818669758171,0.9613234853453152,0.0370358752307454,0.03396044389058954,0.0369628704566003,True,True,True
uniform_platykurtic,58,800,0.25,0.013068346050440669,0.013068346050440565,0.00011036079983895036,0.999999999999992,0.1218032208187023,0.7403410779276459,0.5254923348850848,0.1218032208187023,0.7403410779276459,0.830876335598414,0.034270661076719645,0.03452087022148416,0.035582904475972364,False,True,False
uniform_platykurtic,59,800,0.25,0.0028935702755068,0.002893570275506788,0.00044350332455040856,0.999999999999996,0.16016782741730143,0.8024289283905857,0.5595526497295553,0.16016782741730143,0.8024289283905859,0.8847304219638981,0.035005501795313476,0.032004753698394464,0.03775514904201757,True,True,True
symmetric_contaminated,0,800,0.25,0.07432843369696224,0.07432843369696238,0.00015231874166845061,1.0000000000000018,0.15595880218765476,0.5959138466943766,0.33113683525162835,0.15595880218765476,0.5959138466943766,0.13679136580120227,0.029952712175634204,0.09109042038023663,0.1073650495407757,True,False,False
symmetric_contaminated,1,800,0.25,0.039429177984265554,0.03942917798426539,0.00013381804691645557,0.9999999999999958,0.2042857739098454,0.673749007293649,0.4129420590118261,0.2042857739098454,0.673749007293649,0.17058479225382622,0.03283042203661735,0.09638766498015772,0.11506908247972038,True,True,True
symmetric_contaminated,2,800,0.25,0.08503630590001336,0.08503630590001295,0.00010553039104570547,0.9999999999999951,0.22397801235504006,0.9570709419081818,0.8279098044930999,0.22397801235504006,0.9570709419081818,0.3420063878751483,0.03904358163229449,0.08464554196802285,0.11752611936304973,True,True,True
symmetric_contaminated,3,800,0.25,0.007525054167362754,0.0075250541673627614,0.00022760186771937627,1.000000000000001,0.1586165011326717,0.7714452508422641,0.4544873034253014,0.1586165011326717,0.7714452508422641,0.18774697453277892,0.02726884274096589,0.06569444761214112,0.17704589765022197,True,True,True
symmetric_contaminated,4,800,0.25,0.057532469246013934,0.05753246924601388,0.00033641831096859376,0.999999999999999,0.17448086066737872,0.6292864808778288,0.39887165285418225,0.17448086066737872,0.6292864808778288,0.16477236104477863,0.032314952936567304,0.1316388900862203,0.09928966933203882,True,True,False
symmetric_contaminated,5,800,0.25,0.018370721532634107,0.018370721532634218,0.0005448401789055126,1.000000000000006,0.1620697291553259,0.8846005445065859,0.6953817253777315,0.1620697291553259,0.8846005445065859,0.28725954300835777,0.03714196462738849,0.14107868776979396,0.1660815548278439,True,True,True
symmetric_contaminated,6,800,0.25,0.0020584296667350687,0.002058429666735062,0.00025403345767306343,0.9999999999999969,0.2362323116012458,0.7838837134811748,0.5729863176230506,0.2362323116012458,0.7838837134811748,0.2366984660993654,0.03499367950636442,0.08482714283409797,0.12700328493590488,True,True,True
symmetric_contaminated,7,800,0.25,0.012484268533254413,0.012484268533254256,0.00011679591572055209,0.9999999999999875,0.18880594887918697,0.7370121009245756,0.4734660073414349,0.18880594887918697,0.7370121009245756,0.19558700485695563,0.031244536869053784,0.09481480694148667,0.13397686439380005,True,True,True
symmetric_contaminated,8,800,0.25,0.11127327530131086,0.11127327530131073,0.0007762994109844232,0.9999999999999989,0.23891764900137055,0.9621960252884846,0.8397909965821494,0.23891764900137055,0.9621960252884846,0.3469144630881417,0.04112936992229368,0.12377634187331886,0.09857718607837294,True,True,False
symmetric_contaminated,9,800,0.25,0.06865462237730706,0.06865462237730659,0.0001091362024522066,0.9999999999999931,0.20800012319789019,0.956030318466382,0.7621418462401908,0.20800012319789019,0.956030318466382,0.3148378947398692,0.041213745268087874,0.1364197362119019,0.10950036508134607,True,True,True
symmetric_contaminated,10,800,0.25,0.049006400672016774,0.049006400672016746,0.00012629360563198757,0.9999999999999994,0.21018489931810877,0.6434725650714123,0.4299867310483924,0.21018489931810877,0.6434725650714123,0.1776258813725999,0.034657837321047526,0.11369870219882254,0.12466265815390934,True,True,True
symmetric_contaminated,11,800,0.25,0.0005365199882755748,0.0005365199882756199,0.00045299272177903686,1.0000000000000842,0.18718858350338452,0.8092576708524852,0.5827556814378465,0.18718858350338452,0.8092576708524852,0.24073415309329063,0.03590135789086994,0.12626851499068037,0.15827774366872774,True,True,True
symmetric_contaminated,12,800,0.25,0.005492401535606415,0.005492401535606341,0.0003465139361527064,0.9999999999999865,0.18557309333740746,0.8579505472318721,0.6545485042848515,0.18557309333740746,0.8579505472318721,0.2703914948520322,0.03362561014713715,0.09412151457258859,0.18109674366068926,True,True,True
symmetric_contaminated,13,800,0.25,0.06348992938974439,0.06348992938974443,0.0004729941220387935,1.0000000000000007,0.12881519373368075,0.6344170061764398,0.26243500297760247,0.12881519373368075,0.6344170061764398,0.1084109004788597,0.027267209299210032,0.08527438963893486,0.11696588307026552,False,True,False
symmetric_contaminated,14,800,0.25,0.04021076124602149,0.04021076124602167,0.00028368237317068554,1.0000000000000044,0.18453918410943035,0.6667482875034836,0.410291150105001,0.18453918410943035,0.6667482875034836,0.1694897118780541,0.0319466570632434,0.12144165811520402,0.14220130761388353,True,True,True
symmetric_contaminated,15,800,0.25,0.11376073269715477,0.11376073269715459,3.714468647000948e-05,0.9999999999999984,0.29375109946027145,0.981700905878339,0.7995875821914744,0.29375109946027145,0.981700905878339,0.3303065856824368,0.04230571530124839,0.11528549500781768,0.13131170359038571,False,True,True
symmetric_contaminated,16,800,0.25,0.013620437915762484,0.013620437915762482,0.00012775005713877268,0.9999999999999999,0.2482312190375064,0.8591123971084187,0.6970909126086896,0.2482312190375064,0.8591123971084187,0.28796560174554114,0.03564910675930387,0.0837367658735539,0.14013043680775455,True,True,True
symmetric_contaminated,17,800,0.25,0.0029003271783139706,0.002900327178313885,0.0003358977158111508,0.9999999999999706,0.1975391576390974,0.7568646597449046,0.5621489491821535,0.1975391576390974,0.7568646597449046,0.23222159046094693,0.034556422703646415,0.11427762732476679,0.15377285283124228,True,True,True
symmetric_contaminated,18,800,0.25,0.048630135485993084,0.048630135485993146,0.00027282878204222175,1.0000000000000013,0.17610208481677175,0.6370764798994082,0.38831315723673315,0.17610208481677175,0.6370764798994082,0.16041068670788583,0.030609063107516956,0.12154066056860485,0.09838287084543645,True,True,False
symmetric_contaminated,19,800,0.25,0.02233558817854724,0.02233558817854762,0.00011237873634815667,1.000000000000017,0.17944840656274574,0.8761811369220018,0.7204066024831408,0.17944840656274574,0.8761811369220018,0.2975972244555308,0.0383454211212317,0.11453645919468308,0.14719838536662483,True,True,True
symmetric_contaminated,20,800,0.25,0.33871725977093725,0.3387172597709347,0.00027217546649736265,0.9999999999999925,0.23348440314174565,1.1117125789069848,0.864242464897059,0.23348440314174565,1.1117125789069848,0.35701527154727747,0.05041371527525377,0.1491144732409079,0.06246857774290455,True,False,False
symmetric_contaminated,21,800,0.25,0.015876171205458017,0.015876171205458166,0.0007585710424713097,1.0000000000000093,0.12481208849324626,0.7332694345190307,0.49568638243913804,0.12481208849324626,0.7332694345190307,0.20476615720320496,0.032448235534009606,0.11006897658276756,0.1524616041236016,False,True,True
symmetric_contaminated,22,800,0.25,0.003369876587862365,0.003369876587862384,7.106835536796934e-05,1.0000000000000058,0.24173483309182928,0.8303745793555714,0.6276537059015795,0.24173483309182928,0.8303745793555714,0.2592813560449136,0.035124856882007824,0.10656215021232911,0.15736631892363787,True,True,True
symmetric_contaminated,23,800,0.25,0.007765205206390482,0.00776520520639048,0.00014941104529563832,0.9999999999999998,0.18742685054391006,0.7403832345268766,0.5399221427244345,0.18742685054391006,0.7403832345268766,0.2230397813443618,0.037647296764597014,0.11159961990371073,0.13038879088067948,True,True,True
symmetric_contaminated,24,800,0.25,0.025914520403526244,0.025914520403526316,0.0005055257366211397,1.0000000000000029,0.20120036513415898,0.8850511343132561,0.7040545353146858,0.20120036513415898,0.8850511343132561,0.290842247770601,0.04214392968722448,0.16744873578847957,0.14865713877554373,True,True,True
symmetric_contaminated,25,800,0.25,0.03351163641325898,0.03351163641325901,0.0003030313895587062,1.0000000000000009,0.215151785833567,0.8878125890589579,0.8025834512313746,0.215151785833567,0.8878125890589579,0.33154416777570694,0.034855801509750026,0.07569454056690607,0.14633933872199031,True,True,True
symmetric_contaminated,26,800,0.25,0.004267863925324581,0.004267863925324637,0.00032298375004984157,1.000000000000013,0.17870495168929396,0.8344205050231869,0.658837883737243,0.17870495168929396,0.8344205050231869,0.27216342117151454,0.03561533372117681,0.0893851300522713,0.15728810048273892,True,True,True
symmetric_contaminated,27,800,0.25,0.16100541959942194,0.16100541959942125,0.0003750783303144043,0.9999999999999957,0.26333881928579467,1.0141028234425309,0.8491104456873028,0.26333881928579467,1.0141028234425309,0.35076429202861553,0.042664909907692394,0.11043946120877245,0.09279839269771924,True,True,False
symmetric_contaminated,28,800,0.25,0.00508604293440361,0.005086042934403563,0.0002965224097325926,0.9999999999999908,0.1748624306138766,0.8210887915018049,0.663528726558155,0.1748624306138766,0.8210887915018049,0.27410119047991416,0.03689111744142038,0.11056038107713888,0.14170560498478127,True,True,True
symmetric_contaminated,29,800,0.25,0.12800212917103335,0.12800212917103335,0.0007217324673674638,1.0,0.12516284679463066,0.4585120872039545,0.16834205990610282,0.12516284679463066,0.4585120872039545,0.06954146396562931,0.024609002827860292,0.08075439984637042,0.05396584415236306,False,False,False
symmetric_contaminated,30,800,0.25,0.005429946819380207,0.005429946819380242,0.0001222719058311095,1.0000000000000064,0.18398088418336778,0.7563574204825656,0.542231635979444,0.18398088418336778,0.7563574204825656,0.22399382421434727,0.03634141884675503,0.10663649195593175,0.14761663738198863,True,True,True
symmetric_contaminated,31,800,0.25,0.001365792957300114,0.0013657929573001027,0.00039459747910539593,0.9999999999999918,0.17346037688621677,0.7908963459906584,0.5621306717862621,0.17346037688621677,0.7908963459906584,0.23221404013829705,0.03117526764259381,0.08165454414604713,0.16363586210311776,True,True,True
symmetric_contaminated,32,800,0.25,0.0025891004356940763,0.0025891004356941327,0.00081923049792347,1.0000000000000218,0.16893092505984508,0.7879393182247388,0.5571428459816943,0.16893092505984508,0.7879393182247388,0.2301535882901449,0.03592129431060044,0.08658891227508386,0.14452178269167626,True,True,True
symmetric_contaminated,33,800,0.25,0.017367209833096964,0.01736720983309699,0.00020370348725319267,1.0000000000000013,0.1883341897180421,0.706429500764724,0.5022825648413671,0.1883341897180421,0.706429500764724,0.20749101503784978,0.03583313212680972,0.09479494912840569,0.12768904249762944,True,True,True
symmetric_contaminated,34,800,0.25,0.015359755817310652,0.015359755817310878,0.0002216965296359434,1.0000000000000147,0.30008263109226946,0.8304742876830882,0.6401018051772551,0.30008263109226946,0.8304742876830882,0.26442361845813867,0.04436885954369705,0.13238368723426425,0.11468200972652876,False,True,True
symmetric_contaminated,35,800,0.25,0.09602435019863212,0.09602435019863281,0.0004900139955971087,1.0000000000000073,0.25306042632945147,0.9705579837097957,0.8603860906282512,0.25306042632945147,0.9705579837097957,0.35542221802041907,0.037834305391426654,0.09115359779990438,0.12750386100241534,True,True,False
symmetric_contaminated,36,800,0.25,0.08402982421525994,0.08402982421526012,8.974657552433783e-05,1.0000000000000022,0.1947565301473968,0.592686075889552,0.2594757564937189,0.1947565301473968,0.592686075889552,0.10718844702403556,0.028469618531480976,0.07940279750637042,0.07986909496538973,True,False,False
symmetric_contaminated,37,800,0.25,0.05595344713794766,0.05595344713794758,0.0002159357735676666,0.9999999999999987,0.17631769674461722,0.633732175438055,0.44418206096634993,0.17631769674461722,0.633732175438055,0.18348991811137147,0.03700680104531518,0.1371298764428033,0.11717593338803327,True,True,True
symmetric_contaminated,38,800,0.25,0.07862168305481693,0.07862168305481652,0.00017462722001168236,0.9999999999999949,0.22417399790445178,0.9282367147155668,0.8247941270573956,0.22417399790445178,0.9282367147155668,0.34071931338975586,0.04070673858113307,0.09197454975185623,0.11582629375943834,True,True,True
symmetric_contaminated,39,800,0.25,0.021242969236032406,0.02124296923603266,0.00044705397760805857,1.000000000000012,0.24003525673821344,0.8875338097602279,0.6958520881029623,0.24003525673821344,0.8875338097602279,0.28745384805919116,0.03946403922880516,0.1115563231116222,0.13466661893567408,True,True,True
symmetric_contaminated,40,800,0.25,0.07765807279135979,0.07765807279135989,0.0002422096785389074,1.0000000000000013,0.25023523990715124,0.9508468104777974,0.805128082365764,0.25023523990715124,0.9508468104777974,0.3325953452083501,0.03977772689174396,0.0889731488969883,0.1575467318232212,True,True,True
symmetric_contaminated,41,800,0.25,0.023885189353632236,0.02388518935363233,8.615369894875284e-05,1.000000000000004,0.17765692454655688,0.8845214071867913,0.7127532323521392,0.17765692454655688,0.8845214071867913,0.2944356463954926,0.039257959573013146,0.11960701683861916,0.1349268347476291,True,True,True
symmetric_contaminated,42,800,0.25,0.08823702460062333,0.08823702460062258,0.0001487025493517465,0.9999999999999916,0.30440145370200633,0.9576368274230888,0.7278414587648416,0.30440145370200633,0.9576368274230888,0.3006685352764374,0.047744648294243894,0.1662450387274914,0.13615658595144847,False,True,True
symmetric_contaminated,43,800,0.25,0.016851910963274708,0.016851910963274805,0.00039846510736574756,1.0000000000000058,0.2071937085570138,0.8879987618173584,0.7003330500683156,0.2071937085570138,0.8879987618173584,0.289304916385305,0.0361081572989061,0.09003617730086454,0.14404733764338673,True,True,True
symmetric_contaminated,44,800,0.25,0.012713318791587476,0.012713318791587434,0.0003325206653012372,0.9999999999999968,0.179698665646662,0.7172415477926385,0.5211821955522854,0.179698665646662,0.7172415477926385,0.21529838052203207,0.03509600291867672,0.13585534143011446,0.13699661381480502,True,True,True
symmetric_contaminated,45,800,0.25,0.0013686464931310608,0.0013686464931309597,0.00023946755434091395,0.9999999999999262,0.20645038799857854,0.8225674757843686,0.6282809581952864,0.20645038799857854,0.8225674757843686,0.25954047157910837,0.03717820505989224,0.1225909307479582,0.16828943248774217,True,True,True
symmetric_contaminated,46,800,0.25,0.0645316474371395,0.06453164743713964,9.452874956481804e-05,1.0000000000000022,0.1537056013813115,0.625983374748715,0.3598438410465261,0.1537056013813115,0.625983374748715,0.14865012058987775,0.031479232832999436,0.08946785374228766,0.10606721976786944,True,True,False
symmetric_contaminated,47,800,0.25,0.020436637640747622,0.020436637640747483,0.0002736382334139007,0.9999999999999932,0.23227120355614062,0.8833557292685099,0.673671491133801,0.23227120355614062,0.8833557292685099,0.2782911279063812,0.04451260924737851,0.15854669178719302,0.12748109085915635,True,True,True
symmetric_contaminated,48,800,0.25,0.04349504627996154,0.04349504627996179,0.0001533392826571581,1.0000000000000058,0.20488460584926066,0.6807391211468511,0.3648012981720324,0.20488460584926066,0.6807391211468511,0.15069802725234113,0.030371224011297618,0.09180887261083275,0.11485511339075816,True,True,False
symmetric_contaminated,49,800,0.25,0.027054424432890495,0.02705442443289062,0.000172976055160277,1.0000000000000047,0.20032699398235404,0.895775774628305,0.7211406461712413,0.20032699398235404,0.895775774628305,0.29790045510812957,0.038614616803069844,0.10849454806289342,0.12632674194966392,True,True,True
symmetric_contaminated,50,800,0.25,0.15838502443997068,0.15838502443996977,0.00029833326618062655,0.9999999999999942,0.2549983137110341,1.034181804554677,0.7909167110149556,0.2549983137110341,1.034181804554677,0.32672468181474684,0.04619745411942712,0.16732711167266434,0.097982058710875,True,True,True
symmetric_contaminated,51,800,0.25,0.0738100820610421,0.07381008206104304,0.00041509737805643253,1.0000000000000129,0.20209236303116695,0.9273068696536657,0.782107714088172,0.20209236303116695,0.9273068696536657,0.3230857187255537,0.043527649492944256,0.11202888115346715,0.11463123837948565,True,True,True
symmetric_contaminated,52,800,0.25,0.10880079233302244,0.1088007923330225,0.00013637851689795265,1.0000000000000007,0.22541137849447146,0.5244057811626299,0.43340585800367504,0.22541137849447146,0.5244057811626299,0.17903830969911147,0.039075651975758435,0.2240420504719355,0.0724586150220843,True,True,False
symmetric_contaminated,53,800,0.25,0.03027215562796255,0.030272155627962434,9.471791953094308e-05,0.9999999999999962,0.20589695710940853,0.8894147537186381,0.7205485493801441,0.20589695710940853,0.8894147537186381,0.29765586217820306,0.04143049294396028,0.14315093588354383,0.13051192918277385,True,True,True
symmetric_contaminated,54,800,0.25,0.012172592755095081,0.012172592755095078,0.00010262477992621734,0.9999999999999997,0.1896665283397348,0.8553827283996163,0.7084721042302701,0.1896665283397348,0.8553827283996163,0.29266712866923167,0.0350224244964083,0.08511687674624616,0.14233237649588457,True,True,True
symmetric_contaminated,55,800,0.25,0.006260073550374583,0.00626007355037473,2.5427847680687243e-05,1.0000000000000233,0.21494364435774307,0.8378253260190698,0.6651080025068322,0.21494364435774307,0.8378253260190698,0.27475358336104017,0.038250817952571105,0.09740786249143879,0.1318982000175355,True,True,True
symmetric_contaminated,56,800,0.25,0.02290112849171566,0.022901128491715658,0.0005820546206477251,0.9999999999999999,0.17778689694778302,0.6990680221029709,0.4656820394551058,0.17778689694778302,0.6990680221029709,0.19237147736145765,0.033750809250914914,0.1086632221974834,0.11902480419373851,True,True,True
symmetric_contaminated,57,800,0.25,0.010152292426911983,0.010152292426911881,0.00019807430519683277,0.9999999999999899,0.20135753002347256,0.8780213925847319,0.6894175407535791,0.20135753002347256,0.8780213925847319,0.2847957610494326,0.03298274043064496,0.08445852232360168,0.1539699595184719,True,True,True
symmetric_contaminated,58,800,0.25,0.027182299458602052,0.027182299458601733,0.0002312683277446455,0.9999999999999882,0.20566041713083785,0.8872150484497204,0.7575374911895305,0.20566041713083785,0.8872150484497204,0.31293585320004796,0.03649772797325947,0.08046776940468699,0.14712015822879365,True,True,True
symmetric_contaminated,59,800,0.25,0.038699865317190156,0.038699865317190045,0.00024488448221041977,0.9999999999999971,0.15432327954516303,0.6630315004028582,0.3449097201562088,0.15432327954516303,0.6630315004028582,0.1424808921134556,0.027344927461818703,0.09046318654707727,0.1613756604266242,True,True,True
