regime,order,n,reps,fail_rate,orth_err_median,orth_err_p90,hankel_cond_median,rel_signal_err_emp_vs_oracle_median,rel_signal_err_p90
gaussian_control,2,250,200,0.0,0.19309612906387355,0.44683202945461825,6.004154432957453,0.1079611014685862,0.235479383199002
gaussian_control,2,500,200,0.0,0.14591317814544924,0.2987360266310514,5.918460220571916,0.09123193648938285,0.1837412731707721
gaussian_control,2,1000,200,0.0,0.10330777163472668,0.2026304078359522,5.838795883783046,0.05680280121918585,0.1194961094434771
gaussian_control,2,2500,200,0.0,0.06358141693067035,0.13659782784097163,5.84087823347596,0.039271651895639276,0.08423348834187279
gaussian_control,2,5000,200,0.0,0.040460547396526825,0.08643611248480548,5.84823107728794,0.024557579004367905,0.050128876018500884
gaussian_control,2,20000,200,0.0,0.023241437823146527,0.04626400516753497,5.826823439612676,0.011481898883767386,0.027914598555039034
gaussian_control,3,250,200,0.0,0.5207555250857231,1.4702643846061187,44.163622187046016,0.2581395500164395,0.49135464518463934
gaussian_control,3,500,200,0.0,0.29194031725386965,0.8384264415584387,44.38062790907665,0.19114143389579116,0.345451458517851
gaussian_control,3,1000,200,0.0,0.24813081355665,0.5357722813689166,42.37484578255206,0.14017017984394217,0.29622947173924546
gaussian_control,3,2500,200,0.0,0.1425321337942339,0.35092737406336305,40.92641843485217,0.07998517462153452,0.19137585734024837
gaussian_control,3,5000,200,0.0,0.12000260280661568,0.23417396167890706,41.02631552044691,0.0660139274580607,0.13875464660516504
gaussian_control,3,20000,200,0.0,0.061957986695077794,0.12343185557067747,40.61309335079008,0.03375999994843743,0.0710917605016193
gaussian_control,4,250,200,0.0,1.7167978810532163,6.298906165208384,413.16339105495507,0.43502154021455863,0.76510792462962
gaussian_control,4,500,200,0.0,0.8913625661050775,2.6666240667438696,391.4851413168965,0.34323362517443956,0.6810656289439504
gaussian_control,4,1000,200,0.0,0.5756870895879995,1.7468190372526604,381.0636205422391,0.2758855113237868,0.5803620457306384
gaussian_control,4,2500,200,0.0,0.3515949564736697,0.9639133829678703,357.6626887290164,0.1882719070189615,0.37283940581193986
gaussian_control,4,5000,200,0.0,0.23755949085834946,0.6012913568782212,360.5684224908785,0.1472545303725039,0.3084369394158318
gaussian_control,4,20000,200,0.0,0.13036579932312692,0.28098661192746777,348.47046921580267,0.07493385285092605,0.16654523443897656
gaussian_control,5,250,200,0.0,6.913191371705249,32.15146017300335,5307.707092155415,0.5822553378455264,0.9563240940538473
gaussian_control,5,500,200,0.0,4.328793912545199,12.016731605127854,5455.434676162419,0.5087457552980366,0.8886749855563695
gaussian_control,5,1000,200,0.0,1.8176372023567762,7.2870537754380775,5600.168706033213,0.44127523829279414,0.8001906949258325
gaussian_control,5,2500,200,0.0,0.8944377456981805,2.3934165294662035,5456.557837150232,0.3768876481247853,0.8014592462105382
gaussian_control,5,5000,200,0.0,0.5699374086427214,1.6752460339730024,5192.2741989745155,0.26744403107037074,0.5261417867098213
gaussian_control,5,20000,200,0.0,0.2689340739509457,0.6486871136421563,5051.300977610756,0.15792779696065362,0.36316809047691384
gaussian_control,6,250,200,0.0,41.96414781722761,239.81990814035115,79390.36210317587,0.6740185441224384,1.1351872859505099
gaussian_control,6,500,200,0.0,18.60258780236748,72.19863675149165,72759.27750534171,0.6128866139392342,0.9295731762091207
gaussian_control,6,1000,200,0.0,9.757651704801667,24.287421060062584,70543.80573020707,0.5591319446623262,0.9189680656462955
gaussian_control,6,2500,200,0.0,3.3261848734783577,11.084429075209213,71879.26327935951,0.5055420539777624,0.9462069810493303
gaussian_control,6,5000,200,0.0,1.879695097223106,4.830631839784827,76354.79726386417,0.4359554473967437,0.7542200769846479
gaussian_control,6,20000,200,0.0,0.6949168013385609,1.7626269890204007,71465.45858140686,0.2795878788730153,0.6548219923402055
centered_exponential_skew,2,250,200,0.0,0.5307206649152741,2.0956203668187436,21.91164203366818,0.2282194165509056,0.45622909254559024
centered_exponential_skew,2,500,200,0.0,0.45469589083519446,1.275098832284758,21.960976882834636,0.1673517585464921,0.32716003178957803
centered_exponential_skew,2,1000,200,0.0,0.29882702937635297,0.9578919197210304,22.302999345472173,0.10977810414564904,0.24643199872639485
centered_exponential_skew,2,2500,200,0.0,0.17974229626905547,0.5326304440358914,23.448322388020692,0.06095493212979185,0.1728072080589969
centered_exponential_skew,2,5000,200,0.0,0.1505002791977087,0.3750601006974453,22.731039787062226,0.04814592962078194,0.11654777473495626
centered_exponential_skew,2,20000,200,0.0,0.08137197794484952,0.21283654155181642,22.953393006633064,0.02540816570018034,0.060657532213740505
centered_exponential_skew,3,250,200,0.0,5.758669888046617,39.62377129345309,574.2728473050786,0.5829918981575284,0.8490629592415823
centered_exponential_skew,3,500,200,0.0,3.2298066168400688,15.550978294507365,725.913053010051,0.502853533057543,0.7161028746346298
centered_exponential_skew,3,1000,200,0.0,1.8461820084328204,9.656221897364981,826.2548759722483,0.4083434748515275,0.6716476539963698
centered_exponential_skew,3,2500,200,0.0,0.6424028729527311,3.666850557224316,929.2904255688735,0.26624337772951423,0.5227333493750331
centered_exponential_skew,3,5000,200,0.0,0.6421453846994298,2.3103173678576763,914.202291313656,0.22486157260649564,0.43527758422459023
centered_exponential_skew,3,20000,200,0.0,0.3251952213047069,1.0377076624631423,988.7767006606919,0.13379213504747267,0.2691714266528835
centered_exponential_skew,4,250,200,0.0,102.48979729592662,1084.2752984442632,27784.772286651067,0.8520642472701747,1.1603859181669354
centered_exponential_skew,4,500,200,0.0,64.20263226339776,485.6334187437957,27637.04998423913,0.7305592084430075,1.074518295741871
centered_exponential_skew,4,1000,200,0.0,26.551013635491245,169.39707153333296,37318.731810927915,0.6464592365727206,0.9098868144159753
centered_exponential_skew,4,2500,200,0.0,10.433272486498097,49.14394515479574,46864.819387117815,0.551293332748332,0.7768726305796422
centered_exponential_skew,4,5000,200,0.0,6.059256938721234,20.234465191049054,50738.86360392606,0.5171496261221028,0.6468165383466824
centered_exponential_skew,4,20000,200,0.0,1.9465745018267562,8.067517096115562,64399.17657990591,0.38714575853458666,0.5560337191126389
centered_exponential_skew,5,250,200,0.0,6927.412576028128,137187.0151984341,1057498.3222437953,0.9983369517460686,1.4892908477526678
centered_exponential_skew,5,500,200,0.0,2496.930336647187,19267.97011241518,1840899.9082945434,0.9399497722765305,1.2394899166922506
centered_exponential_skew,5,1000,200,0.0,777.3241891910916,4874.959065009195,2389740.9112568735,0.899145836414875,1.1665382849845025
centered_exponential_skew,5,2500,200,0.0,197.0458014704284,1358.4433976738515,4189324.367871395,0.8086248946510981,1.0356510851389624
centered_exponential_skew,5,5000,200,0.0,123.58336954866695,524.4487796020009,4332160.25341222,0.7439000303423033,0.9050131400728555
centered_exponential_skew,5,20000,200,0.0,16.93960358427813,89.49031802840766,7000541.566477715,0.5337731550328875,0.7381893598261501
centered_exponential_skew,6,250,200,0.0,717222.1251560673,12484129.702239932,55703221.17300817,1.2764580911730454,1.7544650356861549
centered_exponential_skew,6,500,200,0.0,103259.51919654146,1863984.7765714321,147578718.10433882,1.1371392088696362,1.4419107775192213
centered_exponential_skew,6,1000,200,0.0,23502.426103154023,266636.63306522765,256583597.73552865,0.9435116755788271,1.2865161966552416
centered_exponential_skew,6,2500,200,0.0,6789.134214655474,65900.65799936793,353381255.7694488,0.8937438036308349,1.1702336384438285
centered_exponential_skew,6,5000,200,0.0,2904.90778850262,14299.681673406254,430724126.03169227,0.8202202398925161,1.0425816121428642
centered_exponential_skew,6,20000,200,0.0,452.9329597652413,1754.8909855173206,823874969.6274272,0.7396312778929375,0.9058671617862982
uniform_platykurtic,2,250,200,0.0,0.08810055138950594,0.1602083218997566,7.760632188715159,0.07913809334768465,0.16442817257488285
uniform_platykurtic,2,500,200,0.0,0.06984773795222315,0.12968441212776854,7.68540887044708,0.0629113872647791,0.1392173038849127
uniform_platykurtic,2,1000,200,0.0,0.043663212970854764,0.07775526992119396,7.65611406117897,0.039647427126239504,0.09232640480166185
uniform_platykurtic,2,2500,200,0.0,0.029199484726375208,0.046005850915943065,7.642822742192648,0.025837253862724587,0.053370643903713405
uniform_platykurtic,2,5000,200,0.0,0.01987970125213865,0.033699833497388816,7.67753534147615,0.018628442828319495,0.035884941973282625
uniform_platykurtic,2,20000,200,0.0,0.010880716953266796,0.018655941160189093,7.674538061009909,0.0100593163325722,0.019392522002079013
uniform_platykurtic,3,250,200,0.0,0.11626162642151225,0.1939321431514635,37.460751597787095,0.11074424348796169,0.22672683956816692
uniform_platykurtic,3,500,200,0.0,0.07604585081663955,0.1254786711739043,36.52447005288316,0.06961217558963115,0.15293827372146687
uniform_platykurtic,3,1000,200,0.0,0.05610182343143816,0.08592189064550804,36.42071152018755,0.05343065245590552,0.10462578042770052
uniform_platykurtic,3,2500,200,0.0,0.03431393499355073,0.05630381306618697,36.24207843715779,0.029943847469284846,0.07470367998103976
uniform_platykurtic,3,5000,200,0.0,0.024507849274477217,0.0392935526430743,36.12723651513111,0.024077454551653964,0.05217039690644661
uniform_platykurtic,3,20000,200,0.0,0.011741800127241355,0.019688382802762226,36.20579738900983,0.010840454706080017,0.024098324057961314
uniform_platykurtic,4,250,200,0.0,0.12726931337008246,0.2297289079875157,220.02045070878884,0.13965270554051434,0.29807231537425133
uniform_platykurtic,4,500,200,0.0,0.09232092685042922,0.1457464297019104,218.02382171388865,0.0938395434374594,0.22295511267668974
uniform_platykurtic,4,1000,200,0.0,0.0646353032237815,0.101384834455854,214.53194758617968,0.07282059519709966,0.15721124643417497
uniform_platykurtic,4,2500,200,0.0,0.039965811272054896,0.06104956928123226,213.5391895641994,0.039578384486306184,0.08767976700182432
uniform_platykurtic,4,5000,200,0.0,0.02914022040320193,0.04068033511040871,214.62658728002623,0.032367838858834735,0.06515858944695345
uniform_platykurtic,4,20000,200,0.0,0.014096699433097623,0.021017119217156988,214.61162237699628,0.01348328762062445,0.03299536981651772
uniform_platykurtic,5,250,200,0.0,0.15027816003985667,0.24649965984280015,1460.1078985219153,0.16326089913272945,0.34054939403078244
uniform_platykurtic,5,500,200,0.0,0.10700706584831154,0.16778615380713202,1408.5350630713024,0.12376533208145515,0.261174192282203
uniform_platykurtic,5,1000,200,0.0,0.06694943239529652,0.10319747847978825,1400.4674199805065,0.08462072139844956,0.17925561682430577
uniform_platykurtic,5,2500,200,0.0,0.04170819797779757,0.06206965191407951,1400.8790097339747,0.04889749238200833,0.10904683801454941
uniform_platykurtic,5,5000,200,0.0,0.03159190989169547,0.04785735232756883,1394.7427590320508,0.04003005032487067,0.08774020024996851
uniform_platykurtic,5,20000,200,0.0,0.015602316591825264,0.022021108376540255,1387.0302719557744,0.01861791708978263,0.03548274634615666
uniform_platykurtic,6,250,200,0.0,0.1652640189003913,0.2926743848428197,9982.3510898383,0.1998946994578229,0.39958791883421885
uniform_platykurtic,6,500,200,0.0,0.11296943097965544,0.1929324146669651,9884.139652437205,0.1417548712430731,0.34490272180093917
uniform_platykurtic,6,1000,200,0.0,0.07490768012063054,0.10980275818766619,9799.739813427568,0.10132647499637829,0.20966971513408472
uniform_platykurtic,6,2500,200,0.0,0.049017500098197025,0.07124764243503842,9714.658337923018,0.06654234571223645,0.13680663928343548
uniform_platykurtic,6,5000,200,0.0,0.03517097343831675,0.05114855170806205,9624.699507561798,0.04496320290298933,0.10806781730783296
uniform_platykurtic,6,20000,200,0.0,0.016519715495037647,0.02350569887582423,9637.192270867394,0.022390719045377497,0.046537156165354435
symmetric_contaminated,2,250,200,0.0,0.5695642910831686,2.3851767401337427,7.624272315492741,0.22776895774921294,0.4717821741985865
symmetric_contaminated,2,500,200,0.0,0.3740021494481164,1.4030232443473205,7.864707448758445,0.156495102349073,0.3876776488770775
symmetric_contaminated,2,1000,200,0.0,0.27044256893913055,0.6205433908335932,8.130761602140623,0.13298375974632665,0.3133440246392707
symmetric_contaminated,2,2500,200,0.0,0.1663979279151997,0.38227880138488424,7.893814598355612,0.0776074222813202,0.17745403151884626
symmetric_contaminated,2,5000,200,0.0,0.10825611601332497,0.2823492500717711,8.031549325264358,0.05642846165606308,0.11561699204481184
symmetric_contaminated,2,20000,200,0.0,0.057828145102492845,0.1277486835892661,8.073654017863525,0.0268869155514362,0.0642028751787389
symmetric_contaminated,3,250,200,0.0,3.577321963720619,21.416290800139635,184.4834679655171,0.47504588420512184,0.9104237735049977
symmetric_contaminated,3,500,200,0.0,1.5116674254143978,7.720394994033108,217.05089327720418,0.40933324690564477,0.7007122026709715
symmetric_contaminated,3,1000,200,0.0,0.6384543665930504,2.708191567567838,250.67563398733117,0.3217606411086528,0.6261567620156582
symmetric_contaminated,3,2500,200,0.0,0.4072680151832514,1.2587116662813256,242.1722904924673,0.21566569043199285,0.42486517501484883
symmetric_contaminated,3,5000,200,0.0,0.27344746846654727,0.6194640443103617,263.8889550217698,0.16054850101999074,0.32678285712401495
symmetric_contaminated,3,20000,200,0.0,0.14647855547782557,0.30648447364742215,255.9669250819684,0.08218457889158619,0.16266692014336206
symmetric_contaminated,4,250,200,0.0,27.57207157697721,372.54483099135865,3773.8395867345203,0.6987753181405488,1.135892519172847
symmetric_contaminated,4,500,200,0.0,7.507220730102742,56.405034809751825,5167.246941607917,0.6031922644559126,1.075074822812922
symmetric_contaminated,4,1000,200,0.0,3.5523309565610393,15.809245336456724,5996.93534965273,0.5200240978296204,0.9247524269963592
symmetric_contaminated,4,2500,200,0.0,1.3959877762060615,5.61998662675051,6859.262458905185,0.41398071259975666,0.757196561100952
symmetric_contaminated,4,5000,200,0.0,0.6842950332425446,2.2882204335449607,6794.434161491064,0.3160992530074609,0.59405519003607
symmetric_contaminated,4,20000,200,0.0,0.36801225566457174,0.9196889895502088,6979.615841870032,0.19774895062624198,0.40884932560224985
symmetric_contaminated,5,250,200,0.0,341.0990805400214,4440.127914662345,114157.37864170343,0.8114096250937906,1.4876638016592492
symmetric_contaminated,5,500,200,0.0,53.53106836664365,419.83984502046957,160995.49429122603,0.6925772497463354,1.3752017476205662
symmetric_contaminated,5,1000,200,0.0,16.761384041341373,71.24945195309947,224376.92873251822,0.6041840318227482,1.397683908242188
symmetric_contaminated,5,2500,200,0.0,5.5164509446955154,25.815110422381057,259939.95009983325,0.5619679554383297,1.1011110299911366
symmetric_contaminated,5,5000,200,0.0,3.109122423987877,11.033610828273138,275014.46611061716,0.47738496476373626,0.7765908015137173
symmetric_contaminated,5,20000,200,0.0,1.0138736006804525,2.770570959916161,318567.5140771252,0.3371026773083039,0.6355135258735222
symmetric_contaminated,6,250,200,0.0,6177.080871562462,104944.09224602139,2573354.402074012,1.1187386849549863,1.955118630888579
symmetric_contaminated,6,500,200,0.0,789.6507364604561,7089.344613328173,4072782.284613217,0.8735140114950142,1.5221428864419377
symmetric_contaminated,6,1000,200,0.0,170.8335614339999,1032.8754329676435,6642735.115345897,0.7806670813401573,1.408591525761852
symmetric_contaminated,6,2500,200,0.0,35.76492493120232,189.63861938106587,8116825.388575019,0.6382865793918229,1.0697993270555857
symmetric_contaminated,6,5000,200,0.0,13.42876792406491,56.26766290354064,10507165.36537138,0.5690452899595564,0.8596039024160006
symmetric_contaminated,6,20000,200,0.0,3.3765842521382154,11.70963364580423,11751933.887172438,0.47161041115066993,0.8263273342607365
